file,metric,adh,n,spearman_rho,spearman_p,chatterjee_xi,chatterjee_p
run_metrics_unity_adh5_cham.csv,metric_d,5,60,0.9986662961933873,1.999980000199998e-05,0.946651847735482,9.99990000099999e-06
run_metrics_unity_adh5_cham.csv,global_d,5,60,1.0,1.999980000199998e-05,0.9508196721311475,9.99990000099999e-06
run_metrics_unity_Drep5_cham.csv,metric_d,2,30,1.0,1.999980000199998e-05,0.9032258064516129,9.99990000099999e-06
run_metrics_unity_Drep5_cham.csv,metric_d,5,30,1.0,1.999980000199998e-05,0.9032258064516129,9.99990000099999e-06
run_metrics_unity_Drep5_cham.csv,metric_d,8,30,1.0,1.999980000199998e-05,0.9032258064516129,9.99990000099999e-06
run_metrics_unity_Drep5_cham.csv,global_d,2,30,-0.3459399332591768,0.06471935280647194,0.8097886540600667,9.99990000099999e-06
run_metrics_unity_Drep5_cham.csv,global_d,5,30,0.4175750834260289,0.023359766402335978,0.8298109010011123,9.99990000099999e-06
run_metrics_unity_Drep5_cham.csv,global_d,8,30,0.7748609566184649,1.999980000199998e-05,0.8464961067853171,9.99990000099999e-06
run_metrics_ver2b_adh5_cham.csv,metric_d,5,60,0.9992220061128092,1.999980000199998e-05,0.9391497638232842,9.99990000099999e-06
run_metrics_ver2b_adh5_cham.csv,global_d,5,60,-0.8946373992775772,1.999980000199998e-05,0.8407891080855794,9.99990000099999e-06
run_metrics_ver2b_Drep5_cham.csv,metric_d,2,30,0.9991101223581758,1.999980000199998e-05,0.8898776418242491,9.99990000099999e-06
run_metrics_ver2b_Drep5_cham.csv,metric_d,5,30,0.9995550611790878,1.999980000199998e-05,0.899888765294772,9.99990000099999e-06
run_metrics_ver2b_Drep5_cham.csv,metric_d,8,30,0.7357063403781979,1.999980000199998e-05,0.7096774193548387,9.99990000099999e-06
run_metrics_ver2b_Drep5_cham.csv,global_d,2,30,0.607119021134594,0.0005999940000599994,0.7296996662958843,9.99990000099999e-06
run_metrics_ver2b_Drep5_cham.csv,global_d,5,30,-0.3837597330367074,0.036359636403635966,0.7697441601779755,9.99990000099999e-06
run_metrics_ver2b_Drep5_cham.csv,global_d,8,30,-0.31123470522803115,0.0966590334096659,0.5361512791991101,9.99990000099999e-06
