bundle,x,y
3,372.3799019607843,-499.26082516339875
4,468.96364379084963,-574.1774918300654
5,568.6689133986929,-493.3850081699347
6,270.47120098039215,-439.9517973856209
7,372.9307598039216,-356.77226307189545
8,486.04023692810466,-416.99938725490193
9,580.7877859477125,-346.30596405228766
10,689.857638888889,-421.58986928104576
11,794.5206290849674,-350.7128267973856
12,273.95996732026146,-286.2624591503268
13,381.10181781045753,-197.84977532679738
14,479.61356209150335,-277.999591503268
15,579.686070261438,-198.67606209150327
16,677.3715277777778,-269.73672385620915
17,800.9473039215686,-211.34579248366012
