adh,dif,rep
2,0.34788387427341005,14.345901057017512
2,0.3000118616378909,9.021059506654446
2,1.2787167325594502,1.7943107710064798
2,1.3085787787674423,4.579763189943226
2,1.0100667011389797,7.836753582640173
2,0.2496517454382754,6.435940435809919
2,0.5049371650226497,6.674041100489141
2,0.38696948466637493,10.690719438596824
2,1.1913527540432216,8.139874115485853
2,1.4455401693424885,3.668486760813888
2,0.4598764451039554,11.890415528757025
2,0.7114179576149828,4.92982142924075
2,1.468783782940271,5.654487972156234
2,0.8713187472481569,10.093397583843545
2,0.9793897115294099,1.3050596518424737
2,0.4993282785077783,10.948016700615483
2,0.7228355863905809,3.1308823687485456
2,0.2133351221567175,2.5024374621158376
2,1.2327488796006318,8.82449714234701
2,1.0983151158893198,2.129406343893434
2,0.6619694712050455,7.164059914658376
2,1.0489377524404822,13.280549718353006
2,0.9117921774240461,11.275566110640352
2,0.6017416685158032,9.785651087592358
2,1.1401525314318255,12.832466291440433
2,0.8322949212729216,6.0092682357686815
2,0.7903603985018648,12.462231542339497
2,1.3994608713249426,14.588721397074174
2,1.3423286393600111,4.115446206428019
2,0.5605307874105658,13.904536658129826
5,1.0979674310871463,10.717014376980021
5,0.7111159503261204,4.700983666408634
5,0.4733062026879102,11.00252824709619
5,1.3614722981572018,9.314166854704949
5,1.028927872856156,13.032561901676921
5,1.0150918059000433,12.222274989246324
5,1.3038911122728243,11.819463079296153
5,1.1445458685969627,2.0804493017176524
5,0.8187778161856345,14.578074375223567
5,0.554880996336546,4.953709043924215
5,0.2843020460903516,1.1270459361737406
5,1.4612081543175228,11.382802373070241
5,1.4030177157424324,13.65600810291145
5,1.2216448610240034,2.5072809691769153
5,0.72154291574132,8.786227973339797
5,0.31984324243728507,1.7063591597073398
5,0.38292078170120974,9.424205948531018
5,1.2797699473704671,3.364380216497543
5,0.33327482083153637,6.160308057600404
5,0.531595027807811,5.699627919503964
5,0.9598094635515086,7.583152988257797
5,0.7890524186711807,10.186052410654858
5,1.1666286699123423,13.173147997967433
5,0.8900361196195181,7.511986893084014
5,0.45228503220701216,4.146561026466022
5,0.9252936496979507,8.049248444254271
5,0.6238269129244601,3.127438444773394
5,0.22225860622454421,14.283418582897525
5,0.6660931845528946,6.890647676064496
5,1.4328823100047219,5.38583626463101
8,0.20354712819774143,8.730489072431597
8,1.1612780993265635,6.155910822772939
8,1.3345834156436533,12.545928411370202
8,0.7872253566556038,3.9551883278898803
8,1.0537064418468682,9.993001836083346
8,1.44446578540578,6.677331848124424
8,0.7448407417097744,6.034576445158911
8,0.8676519262180429,9.637375809073882
8,0.5073080742865637,2.1737160093880936
8,0.9847557748162956,14.892519930214418
8,0.6828428670396918,11.959261954822571
8,0.908307685378652,7.700695189475307
8,0.3731529943172381,3.5079039152684386
8,0.9700819509665153,9.066604336930627
8,0.46986597972739325,12.683863301718192
8,1.2047239108819265,1.7193854502175308
8,0.2755285664767476,11.202247613726309
8,0.4534654599209065,5.009711115924399
8,0.39166942925376885,3.201449091264644
8,0.6599393777979015,10.643458433187728
8,0.8067641417847202,13.263248108331414
8,1.3891759867714875,4.644666132863972
8,0.31069319147907126,2.8659285137417956
8,1.3058852778046426,1.1101175516567812
8,1.1248870754123754,14.374164191528408
8,1.4846041270326695,5.552103600134555
8,0.624652590137925,7.149302831102107
8,1.0991999648168922,13.886815407697497
8,0.5576664997287293,11.723861978735531
8,1.258122268101913,8.044140179771508
