adh,dif
5,0.8411106215679058
5,1.3555484762962557
5,0.8927300116523647
5,1.4119797824064197
5,0.9769888161839331
5,0.8025400775017721
5,0.3694624337518133
5,1.456227186396982
5,0.7672117779686058
5,0.5071167595960393
5,1.032392751536074
5,0.47538483954324245
5,1.469370680508597
5,0.5309700739485943
5,1.3106322130526427
5,1.1943795344279908
5,0.21899544273840021
5,0.24817904243134165
5,1.1374855373063457
5,0.3327033321612797
5,1.4843450557691142
5,1.4196793083861061
5,0.3831805151729437
5,1.3781978882493757
5,0.3197455095164391
5,1.203299489956901
5,0.298843546487125
5,0.8569633285019598
5,0.6448748824000496
5,0.6174084576534971
5,0.8962753995916808
5,0.8140214510347925
5,0.5868584354979942
5,0.49040414012168415
5,0.7277855757414504
5,0.985993287528691
5,1.110881824959817
5,0.4465864796865203
5,1.106100942538518
5,1.163775420827241
5,1.0183154002210189
5,0.7608084654294047
5,1.3431670775973343
5,1.2406416016786277
5,0.9491715999683648
5,1.2832257009605688
5,0.684977337408167
5,1.295909193001669
5,0.5989698262131917
5,0.9202565924845427
5,0.7113428206348664
5,1.237707529298568
5,0.4073163035297721
5,1.084285199945564
5,0.2827382593151664
5,0.42427420891454914
5,0.23647398730996474
5,0.6553500535877138
5,1.06303015889928
5,0.556142820485277
