run,rep,dif,adh,bundle,x,y,n_bundles
out_debug_unity_adh5_D_0_3_6_5_5_5_0.8411106215679058,5.0,0.8411106215679058,5,3,76.12206997660734,112.53345064238897,6
out_debug_unity_adh5_D_0_3_6_5_5_5_0.8411106215679058,5.0,0.8411106215679058,5,7,58.26994626064609,69.29633034464602,6
out_debug_unity_adh5_D_0_3_6_5_5_5_0.8411106215679058,5.0,0.8411106215679058,5,8,88.11679135580381,89.97812317157108,6
out_debug_unity_adh5_D_0_3_6_5_5_5_0.8411106215679058,5.0,0.8411106215679058,5,9,100.74352928166888,67.50238975823271,6
out_debug_unity_adh5_D_0_3_6_5_5_5_0.8411106215679058,5.0,0.8411106215679058,5,14,72.31884367162608,47.83670063484782,6
out_debug_unity_adh5_D_0_3_6_5_5_5_0.8411106215679058,5.0,0.8411106215679058,5,16,113.48465875853951,44.711691387396606,6
out_debug_unity_adh5_D_10_3_6_5_5_5_1.032392751536074,5.0,1.032392751536074,5,3,76.13335391815447,112.58541041941629,6
out_debug_unity_adh5_D_10_3_6_5_5_5_1.032392751536074,5.0,1.032392751536074,5,7,58.24790586676854,69.31505411309682,6
out_debug_unity_adh5_D_10_3_6_5_5_5_1.032392751536074,5.0,1.032392751536074,5,8,88.14273164574564,90.00795933516737,6
out_debug_unity_adh5_D_10_3_6_5_5_5_1.032392751536074,5.0,1.032392751536074,5,9,100.83622834835963,67.4743366123473,6
out_debug_unity_adh5_D_10_3_6_5_5_5_1.032392751536074,5.0,1.032392751536074,5,14,72.24570157958182,47.625507336286894,6
out_debug_unity_adh5_D_10_3_6_5_5_5_1.032392751536074,5.0,1.032392751536074,5,16,113.58130663999009,44.530592944536686,6
out_debug_unity_adh5_D_11_3_6_5_5_5_0.47538483954324245,5.0,0.47538483954324245,5,3,76.11815118872612,112.47389587940434,6
out_debug_unity_adh5_D_11_3_6_5_5_5_0.47538483954324245,5.0,0.47538483954324245,5,7,58.35402640261008,69.23695565774092,6
out_debug_unity_adh5_D_11_3_6_5_5_5_0.47538483954324245,5.0,0.47538483954324245,5,8,87.93227613686274,89.81858876815191,6
out_debug_unity_adh5_D_11_3_6_5_5_5_0.47538483954324245,5.0,0.47538483954324245,5,9,100.45885958432365,67.60976987437884,6
out_debug_unity_adh5_D_11_3_6_5_5_5_0.47538483954324245,5.0,0.47538483954324245,5,14,72.43853435753067,48.45353990393206,6
out_debug_unity_adh5_D_11_3_6_5_5_5_0.47538483954324245,5.0,0.47538483954324245,5,16,113.08337132343998,45.100604495853155,6
out_debug_unity_adh5_D_12_3_6_5_5_5_1.469370680508597,5.0,1.469370680508597,5,3,76.1774966100558,112.75604640661707,6
out_debug_unity_adh5_D_12_3_6_5_5_5_1.469370680508597,5.0,1.469370680508597,5,7,58.233460951698966,69.36454730475373,6
out_debug_unity_adh5_D_12_3_6_5_5_5_1.469370680508597,5.0,1.469370680508597,5,8,88.14047037398863,89.98344560795904,6
out_debug_unity_adh5_D_12_3_6_5_5_5_1.469370680508597,5.0,1.469370680508597,5,9,100.96853654255303,67.45837113806851,6
out_debug_unity_adh5_D_12_3_6_5_5_5_1.469370680508597,5.0,1.469370680508597,5,14,72.13736952869002,47.252264671401456,6
out_debug_unity_adh5_D_12_3_6_5_5_5_1.469370680508597,5.0,1.469370680508597,5,16,113.66191297725742,44.15314335110724,6
out_debug_unity_adh5_D_13_3_6_5_5_5_0.5309700739485943,5.0,0.5309700739485943,5,3,76.11758460197247,112.47449431544341,6
out_debug_unity_adh5_D_13_3_6_5_5_5_0.5309700739485943,5.0,0.5309700739485943,5,7,58.341402609393505,69.24964940975154,6
out_debug_unity_adh5_D_13_3_6_5_5_5_0.5309700739485943,5.0,0.5309700739485943,5,8,87.9815092111312,89.85299490900984,6
out_debug_unity_adh5_D_13_3_6_5_5_5_0.5309700739485943,5.0,0.5309700739485943,5,9,100.51290773498374,67.58929178582065,6
out_debug_unity_adh5_D_13_3_6_5_5_5_0.5309700739485943,5.0,0.5309700739485943,5,14,72.43680385033521,48.338246145736264,6
out_debug_unity_adh5_D_13_3_6_5_5_5_0.5309700739485943,5.0,0.5309700739485943,5,16,113.16258424553389,45.04193789580157,6
out_debug_unity_adh5_D_14_3_6_5_5_5_1.3106322130526427,5.0,1.3106322130526427,5,3,76.15830073701895,112.69309887732898,6
out_debug_unity_adh5_D_14_3_6_5_5_5_1.3106322130526427,5.0,1.3106322130526427,5,7,58.227571704604124,69.34761838325358,6
out_debug_unity_adh5_D_14_3_6_5_5_5_1.3106322130526427,5.0,1.3106322130526427,5,8,88.13802290759331,90.01034382617225,6
out_debug_unity_adh5_D_14_3_6_5_5_5_1.3106322130526427,5.0,1.3106322130526427,5,9,100.93295900671774,67.46017892516322,6
out_debug_unity_adh5_D_14_3_6_5_5_5_1.3106322130526427,5.0,1.3106322130526427,5,14,72.16643295416854,47.37144717835836,6
out_debug_unity_adh5_D_14_3_6_5_5_5_1.3106322130526427,5.0,1.3106322130526427,5,16,113.65932708732481,44.28108515887553,6
out_debug_unity_adh5_D_15_3_6_5_5_5_1.1943795344279908,5.0,1.1943795344279908,5,3,76.14888314080254,112.63942639232069,6
out_debug_unity_adh5_D_15_3_6_5_5_5_1.1943795344279908,5.0,1.1943795344279908,5,7,58.239017150734604,69.33241967513139,6
out_debug_unity_adh5_D_15_3_6_5_5_5_1.1943795344279908,5.0,1.1943795344279908,5,8,88.13807685470333,90.00940022312977,6
out_debug_unity_adh5_D_15_3_6_5_5_5_1.1943795344279908,5.0,1.1943795344279908,5,9,100.88985223573593,67.46722642566453,6
out_debug_unity_adh5_D_15_3_6_5_5_5_1.1943795344279908,5.0,1.1943795344279908,5,14,72.19999274196108,47.47952823083386,6
out_debug_unity_adh5_D_15_3_6_5_5_5_1.1943795344279908,5.0,1.1943795344279908,5,16,113.62035714883581,44.3908126525859,6
out_debug_unity_adh5_D_16_3_6_5_5_5_0.21899544273840021,5.0,0.21899544273840021,5,3,76.12879490693561,112.50170353383555,6
out_debug_unity_adh5_D_16_3_6_5_5_5_0.21899544273840021,5.0,0.21899544273840021,5,7,58.278558273519614,69.22649711854096,6
out_debug_unity_adh5_D_16_3_6_5_5_5_0.21899544273840021,5.0,0.21899544273840021,5,8,87.60868794530138,89.69150394559796,6
out_debug_unity_adh5_D_16_3_6_5_5_5_0.21899544273840021,5.0,0.21899544273840021,5,9,100.16942101721462,67.74320302484601,6
out_debug_unity_adh5_D_16_3_6_5_5_5_0.21899544273840021,5.0,0.21899544273840021,5,14,72.40569133201946,48.95496257820915,6
out_debug_unity_adh5_D_16_3_6_5_5_5_0.21899544273840021,5.0,0.21899544273840021,5,16,112.73413199056962,45.33222454340603,6
out_debug_unity_adh5_D_17_3_6_5_5_5_0.24817904243134165,5.0,0.24817904243134165,5,3,76.12859627772933,112.49711625342661,6
out_debug_unity_adh5_D_17_3_6_5_5_5_0.24817904243134165,5.0,0.24817904243134165,5,7,58.30303152123628,69.22066550631291,6
out_debug_unity_adh5_D_17_3_6_5_5_5_0.24817904243134165,5.0,0.24817904243134165,5,8,87.64353300295977,89.69680131205934,6
out_debug_unity_adh5_D_17_3_6_5_5_5_0.24817904243134165,5.0,0.24817904243134165,5,9,100.20107286455986,67.72654995679991,6
out_debug_unity_adh5_D_17_3_6_5_5_5_0.24817904243134165,5.0,0.24817904243134165,5,14,72.40077440326802,48.90573453523413,6
out_debug_unity_adh5_D_17_3_6_5_5_5_0.24817904243134165,5.0,0.24817904243134165,5,16,112.77158948987405,45.3143908736342,6
out_debug_unity_adh5_D_18_3_6_5_5_5_1.1374855373063457,5.0,1.1374855373063457,5,3,76.14150669315369,112.62214542634308,6
out_debug_unity_adh5_D_18_3_6_5_5_5_1.1374855373063457,5.0,1.1374855373063457,5,7,58.238968083423714,69.32579838309816,6
out_debug_unity_adh5_D_18_3_6_5_5_5_1.1374855373063457,5.0,1.1374855373063457,5,8,88.14212294492864,90.01438995069981,6
out_debug_unity_adh5_D_18_3_6_5_5_5_1.1374855373063457,5.0,1.1374855373063457,5,9,100.87706527672712,67.46678439121733,6
out_debug_unity_adh5_D_18_3_6_5_5_5_1.1374855373063457,5.0,1.1374855373063457,5,14,72.21215364715347,47.52439143244743,6
out_debug_unity_adh5_D_18_3_6_5_5_5_1.1374855373063457,5.0,1.1374855373063457,5,16,113.61698806434686,44.43537709562107,6
out_debug_unity_adh5_D_19_3_6_5_5_5_0.3327033321612797,5.0,0.3327033321612797,5,3,76.12636796000638,112.49207965881783,6
out_debug_unity_adh5_D_19_3_6_5_5_5_0.3327033321612797,5.0,0.3327033321612797,5,7,58.3462126282489,69.21059530800075,6
out_debug_unity_adh5_D_19_3_6_5_5_5_0.3327033321612797,5.0,0.3327033321612797,5,8,87.74755068985564,89.72987282579753,6
out_debug_unity_adh5_D_19_3_6_5_5_5_0.3327033321612797,5.0,0.3327033321612797,5,9,100.30013382005461,67.67631947764359,6
out_debug_unity_adh5_D_19_3_6_5_5_5_0.3327033321612797,5.0,0.3327033321612797,5,14,72.40491293622829,48.75084755749763,6
out_debug_unity_adh5_D_19_3_6_5_5_5_0.3327033321612797,5.0,0.3327033321612797,5,16,112.88074971473593,45.23943484996952,6
out_debug_unity_adh5_D_1_3_6_5_5_5_1.3555484762962557,5.0,1.3555484762962557,5,3,76.16319982647929,112.71303152451783,6
out_debug_unity_adh5_D_1_3_6_5_5_5_1.3555484762962557,5.0,1.3555484762962557,5,7,58.22576669998559,69.35322850671474,6
out_debug_unity_adh5_D_1_3_6_5_5_5_1.3555484762962557,5.0,1.3555484762962557,5,8,88.13918765942059,90.00647205094924,6
out_debug_unity_adh5_D_1_3_6_5_5_5_1.3555484762962557,5.0,1.3555484762962557,5,9,100.94575852896865,67.45889126332004,6
out_debug_unity_adh5_D_1_3_6_5_5_5_1.3555484762962557,5.0,1.3555484762962557,5,14,72.15624170673385,47.334008481446205,6
out_debug_unity_adh5_D_1_3_6_5_5_5_1.3555484762962557,5.0,1.3555484762962557,5,16,113.66705933686406,44.24205621425,6
out_debug_unity_adh5_D_20_3_6_5_5_5_1.4843450557691142,5.0,1.4843450557691142,5,3,76.18004500233505,112.76052616784965,6
out_debug_unity_adh5_D_20_3_6_5_5_5_1.4843450557691142,5.0,1.4843450557691142,5,7,58.236197230447324,69.36523946769917,6
out_debug_unity_adh5_D_20_3_6_5_5_5_1.4843450557691142,5.0,1.4843450557691142,5,8,88.14098998174599,89.97850884684534,6
out_debug_unity_adh5_D_20_3_6_5_5_5_1.4843450557691142,5.0,1.4843450557691142,5,9,100.97002032079138,67.45862843070863,6
out_debug_unity_adh5_D_20_3_6_5_5_5_1.4843450557691142,5.0,1.4843450557691142,5,14,72.13612455251452,47.243247840778146,6
out_debug_unity_adh5_D_20_3_6_5_5_5_1.4843450557691142,5.0,1.4843450557691142,5,16,113.65813391859797,44.14280261075978,6
out_debug_unity_adh5_D_21_3_6_5_5_5_1.4196793083861061,5.0,1.4196793083861061,5,3,76.17019231513288,112.73910831070002,6
out_debug_unity_adh5_D_21_3_6_5_5_5_1.4196793083861061,5.0,1.4196793083861061,5,7,58.227250512792914,69.36037291955377,6
out_debug_unity_adh5_D_21_3_6_5_5_5_1.4196793083861061,5.0,1.4196793083861061,5,8,88.13968921841604,89.99636290324982,6
out_debug_unity_adh5_D_21_3_6_5_5_5_1.4196793083861061,5.0,1.4196793083861061,5,9,100.96119223476433,67.45844702672389,6
out_debug_unity_adh5_D_21_3_6_5_5_5_1.4196793083861061,5.0,1.4196793083861061,5,14,72.14382204717985,47.28533374977803,6
out_debug_unity_adh5_D_21_3_6_5_5_5_1.4196793083861061,5.0,1.4196793083861061,5,16,113.66911486695528,44.190520981857695,6
out_debug_unity_adh5_D_22_3_6_5_5_5_0.3831805151729437,5.0,0.3831805151729437,5,3,76.1231140373829,112.48412805072529,6
out_debug_unity_adh5_D_22_3_6_5_5_5_0.3831805151729437,5.0,0.3831805151729437,5,7,58.35921576183775,69.21663281976937,6
out_debug_unity_adh5_D_22_3_6_5_5_5_0.3831805151729437,5.0,0.3831805151729437,5,8,87.8213460774095,89.75983384968764,6
out_debug_unity_adh5_D_22_3_6_5_5_5_0.3831805151729437,5.0,0.3831805151729437,5,9,100.35970456217579,67.65064609065571,6
out_debug_unity_adh5_D_22_3_6_5_5_5_0.3831805151729437,5.0,0.3831805151729437,5,14,72.41954780722928,48.64789355331134,6
out_debug_unity_adh5_D_22_3_6_5_5_5_0.3831805151729437,5.0,0.3831805151729437,5,16,112.95221716981185,45.19093300118468,6
out_debug_unity_adh5_D_23_3_6_5_5_5_1.3781978882493757,5.0,1.3781978882493757,5,3,76.16546736611095,112.72251041842428,6
out_debug_unity_adh5_D_23_3_6_5_5_5_1.3781978882493757,5.0,1.3781978882493757,5,7,58.22585276222466,69.35591009086957,6
out_debug_unity_adh5_D_23_3_6_5_5_5_1.3781978882493757,5.0,1.3781978882493757,5,8,88.13912670594073,90.0035930004024,6
out_debug_unity_adh5_D_23_3_6_5_5_5_1.3781978882493757,5.0,1.3781978882493757,5,9,100.95153028944462,67.45830393201645,6
out_debug_unity_adh5_D_23_3_6_5_5_5_1.3781978882493757,5.0,1.3781978882493757,5,14,72.15127252804582,47.31625018400606,6
out_debug_unity_adh5_D_23_3_6_5_5_5_1.3781978882493757,5.0,1.3781978882493757,5,16,113.66907357325226,44.22336595044853,6
out_debug_unity_adh5_D_24_3_6_5_5_5_0.3197455095164391,5.0,0.3197455095164391,5,3,76.12617146099493,112.49339053132373,6
out_debug_unity_adh5_D_24_3_6_5_5_5_0.3197455095164391,5.0,0.3197455095164391,5,7,58.34205956535565,69.20985109528965,6
out_debug_unity_adh5_D_24_3_6_5_5_5_0.3197455095164391,5.0,0.3197455095164391,5,8,87.73159548850965,89.72484925184608,6
out_debug_unity_adh5_D_24_3_6_5_5_5_0.3197455095164391,5.0,0.3197455095164391,5,9,100.28587286320844,67.68274904826093,6
out_debug_unity_adh5_D_24_3_6_5_5_5_0.3197455095164391,5.0,0.3197455095164391,5,14,72.40173891368443,48.775558514978435,6
out_debug_unity_adh5_D_24_3_6_5_5_5_0.3197455095164391,5.0,0.3197455095164391,5,16,112.86361949455699,45.251153443426084,6
out_debug_unity_adh5_D_25_3_6_5_5_5_1.203299489956901,5.0,1.203299489956901,5,3,76.14996624108976,112.64252228186194,6
out_debug_unity_adh5_D_25_3_6_5_5_5_1.203299489956901,5.0,1.203299489956901,5,7,58.23878632471486,69.33357874811476,6
out_debug_unity_adh5_D_25_3_6_5_5_5_1.203299489956901,5.0,1.203299489956901,5,8,88.1375154088857,90.00874026421015,6
out_debug_unity_adh5_D_25_3_6_5_5_5_1.203299489956901,5.0,1.203299489956901,5,9,100.89220651285738,67.46721535324613,6
out_debug_unity_adh5_D_25_3_6_5_5_5_1.203299489956901,5.0,1.203299489956901,5,14,72.19797514997937,47.47231840468328,6
out_debug_unity_adh5_D_25_3_6_5_5_5_1.203299489956901,5.0,1.203299489956901,5,16,113.62155179630356,44.38352024287504,6
out_debug_unity_adh5_D_26_3_6_5_5_5_0.298843546487125,5.0,0.298843546487125,5,3,76.12646181745787,112.49611221402454,6
out_debug_unity_adh5_D_26_3_6_5_5_5_0.298843546487125,5.0,0.298843546487125,5,7,58.3342603293797,69.20950771787696,6
out_debug_unity_adh5_D_26_3_6_5_5_5_0.298843546487125,5.0,0.298843546487125,5,8,87.70564692392556,89.71618402038025,6
out_debug_unity_adh5_D_26_3_6_5_5_5_0.298843546487125,5.0,0.298843546487125,5,9,100.26199549867228,67.69438222213245,6
out_debug_unity_adh5_D_26_3_6_5_5_5_0.298843546487125,5.0,0.298843546487125,5,14,72.39858831309571,48.814352161221244,6
out_debug_unity_adh5_D_26_3_6_5_5_5_0.298843546487125,5.0,0.298843546487125,5,16,112.83615653177598,45.27014770689786,6
out_debug_unity_adh5_D_27_3_6_5_5_5_0.8569633285019598,5.0,0.8569633285019598,5,3,76.12266206078301,112.53784891450233,6
out_debug_unity_adh5_D_27_3_6_5_5_5_0.8569633285019598,5.0,0.8569633285019598,5,7,58.26718866798697,69.29810674182701,6
out_debug_unity_adh5_D_27_3_6_5_5_5_0.8569633285019598,5.0,0.8569633285019598,5,8,88.12084228085807,89.9822510359761,6
out_debug_unity_adh5_D_27_3_6_5_5_5_0.8569633285019598,5.0,0.8569633285019598,5,9,100.7530735940558,67.49899040394057,6
out_debug_unity_adh5_D_27_3_6_5_5_5_0.8569633285019598,5.0,0.8569633285019598,5,14,72.31201305840715,47.81623122223724,6
out_debug_unity_adh5_D_27_3_6_5_5_5_0.8569633285019598,5.0,0.8569633285019598,5,16,113.49652473418821,44.69547117666155,6
out_debug_unity_adh5_D_28_3_6_5_5_5_0.6448748824000496,5.0,0.6448748824000496,5,3,76.11779325039699,112.48913899415506,6
out_debug_unity_adh5_D_28_3_6_5_5_5_0.6448748824000496,5.0,0.6448748824000496,5,7,58.31147342935776,69.27147236440341,6
out_debug_unity_adh5_D_28_3_6_5_5_5_0.6448748824000496,5.0,0.6448748824000496,5,8,88.05092470324723,89.91270829907613,6
out_debug_unity_adh5_D_28_3_6_5_5_5_0.6448748824000496,5.0,0.6448748824000496,5,9,100.61193190916644,67.55174153955282,6
out_debug_unity_adh5_D_28_3_6_5_5_5_0.6448748824000496,5.0,0.6448748824000496,5,14,72.40347378943069,48.12396994873689,6
out_debug_unity_adh5_D_28_3_6_5_5_5_0.6448748824000496,5.0,0.6448748824000496,5,16,113.30895440043271,44.917157603153896,6
out_debug_unity_adh5_D_29_3_6_5_5_5_0.6174084576534971,5.0,0.6174084576534971,5,3,76.11775096880963,112.4843920192385,6
out_debug_unity_adh5_D_29_3_6_5_5_5_0.6174084576534971,5.0,0.6174084576534971,5,7,58.318522131012806,69.26677954615589,6
out_debug_unity_adh5_D_29_3_6_5_5_5_0.6174084576534971,5.0,0.6174084576534971,5,8,88.03733387692802,89.89994249293892,6
out_debug_unity_adh5_D_29_3_6_5_5_5_0.6174084576534971,5.0,0.6174084576534971,5,9,100.58976500177543,67.56033681818954,6
out_debug_unity_adh5_D_29_3_6_5_5_5_0.6174084576534971,5.0,0.6174084576534971,5,14,72.41393391345768,48.17165025203071,6
out_debug_unity_adh5_D_29_3_6_5_5_5_0.6174084576534971,5.0,0.6174084576534971,5,16,113.27663248653431,44.94685855588199,6
out_debug_unity_adh5_D_2_3_6_5_5_5_0.8927300116523647,5.0,0.8927300116523647,5,3,76.12421550365634,112.54753539156127,6
out_debug_unity_adh5_D_2_3_6_5_5_5_0.8927300116523647,5.0,0.8927300116523647,5,7,58.26130487124606,69.3020810372115,6
out_debug_unity_adh5_D_2_3_6_5_5_5_0.8927300116523647,5.0,0.8927300116523647,5,8,88.1283620700036,89.9903899930042,6
out_debug_unity_adh5_D_2_3_6_5_5_5_0.8927300116523647,5.0,0.8927300116523647,5,9,100.77321208335047,67.49207757520078,6
out_debug_unity_adh5_D_2_3_6_5_5_5_0.8927300116523647,5.0,0.8927300116523647,5,14,72.29714524053176,47.772741430042466,6
out_debug_unity_adh5_D_2_3_6_5_5_5_0.8927300116523647,5.0,0.8927300116523647,5,16,113.51971713005351,44.65938420432905,6
out_debug_unity_adh5_D_30_3_6_5_5_5_0.8962753995916808,5.0,0.8962753995916808,5,3,76.12441212621307,112.54849531292906,6
out_debug_unity_adh5_D_30_3_6_5_5_5_0.8962753995916808,5.0,0.8962753995916808,5,7,58.26090997001129,69.30238036405423,6
out_debug_unity_adh5_D_30_3_6_5_5_5_0.8962753995916808,5.0,0.8962753995916808,5,8,88.129113175716,89.99109917277961,6
out_debug_unity_adh5_D_30_3_6_5_5_5_0.8962753995916808,5.0,0.8962753995916808,5,9,100.77510719285753,67.49146666160674,6
out_debug_unity_adh5_D_30_3_6_5_5_5_0.8962753995916808,5.0,0.8962753995916808,5,14,72.29569598738259,47.76842871240546,6
out_debug_unity_adh5_D_30_3_6_5_5_5_0.8962753995916808,5.0,0.8962753995916808,5,16,113.52186622224337,44.65588217653484,6
out_debug_unity_adh5_D_31_3_6_5_5_5_0.8140214510347925,5.0,0.8140214510347925,5,3,76.12147893090368,112.5261431951998,6
out_debug_unity_adh5_D_31_3_6_5_5_5_0.8140214510347925,5.0,0.8140214510347925,5,7,58.275427389285774,69.29341063856019,6
out_debug_unity_adh5_D_31_3_6_5_5_5_0.8140214510347925,5.0,0.8140214510347925,5,8,88.10996074945301,89.97067821887832,6
out_debug_unity_adh5_D_31_3_6_5_5_5_0.8140214510347925,5.0,0.8140214510347925,5,9,100.72655768631047,67.50850666479167,6
out_debug_unity_adh5_D_31_3_6_5_5_5_0.8140214510347925,5.0,0.8140214510347925,5,14,72.33106758850218,47.873312859270726,6
out_debug_unity_adh5_D_31_3_6_5_5_5_0.8140214510347925,5.0,0.8140214510347925,5,16,113.46303297067021,44.74039943036027,6
out_debug_unity_adh5_D_32_3_6_5_5_5_0.5868584354979942,5.0,0.5868584354979942,5,3,76.117906162967,112.47976572377216,6
out_debug_unity_adh5_D_32_3_6_5_5_5_0.5868584354979942,5.0,0.5868584354979942,5,7,58.326584074079385,69.26117992330593,6
out_debug_unity_adh5_D_32_3_6_5_5_5_0.5868584354979942,5.0,0.5868584354979942,5,8,88.02016753900966,89.88444499655249,6
out_debug_unity_adh5_D_32_3_6_5_5_5_0.5868584354979942,5.0,0.5868584354979942,5,9,100.56387066074234,67.57001835557298,6
out_debug_unity_adh5_D_32_3_6_5_5_5_0.5868584354979942,5.0,0.5868584354979942,5,14,72.42392036616025,48.22804968758647,6
out_debug_unity_adh5_D_32_3_6_5_5_5_0.5868584354979942,5.0,0.5868584354979942,5,16,113.23880694324423,44.980475212097566,6
out_debug_unity_adh5_D_33_3_6_5_5_5_0.49040414012168415,5.0,0.49040414012168415,5,3,76.11814720633423,112.47353164091152,6
out_debug_unity_adh5_D_33_3_6_5_5_5_0.49040414012168415,5.0,0.49040414012168415,5,7,58.351091223934866,69.24044578437166,6
out_debug_unity_adh5_D_33_3_6_5_5_5_0.49040414012168415,5.0,0.49040414012168415,5,8,87.94664009267649,89.82817870419619,6
out_debug_unity_adh5_D_33_3_6_5_5_5_0.49040414012168415,5.0,0.49040414012168415,5,9,100.47379744197328,67.60423551769067,6
out_debug_unity_adh5_D_33_3_6_5_5_5_0.49040414012168415,5.0,0.49040414012168415,5,14,72.4395904757105,48.422050500538724,6
out_debug_unity_adh5_D_33_3_6_5_5_5_0.49040414012168415,5.0,0.49040414012168415,5,16,113.10470479867406,45.084996278443406,6
out_debug_unity_adh5_D_34_3_6_5_5_5_0.7277855757414504,5.0,0.7277855757414504,5,3,76.11898737082332,112.5062268783072,6
out_debug_unity_adh5_D_34_3_6_5_5_5_0.7277855757414504,5.0,0.7277855757414504,5,7,58.29202808307298,69.28334840458551,6
out_debug_unity_adh5_D_34_3_6_5_5_5_0.7277855757414504,5.0,0.7277855757414504,5,8,88.08429571613073,89.94497623560903,6
out_debug_unity_adh5_D_34_3_6_5_5_5_0.7277855757414504,5.0,0.7277855757414504,5,9,100.67251676481112,67.5286054031938,6
out_debug_unity_adh5_D_34_3_6_5_5_5_0.7277855757414504,5.0,0.7277855757414504,5,14,72.36856655293097,47.99186295809869,6
out_debug_unity_adh5_D_34_3_6_5_5_5_0.7277855757414504,5.0,0.7277855757414504,5,16,113.39402855148192,44.828393044405026,6
out_debug_unity_adh5_D_35_3_6_5_5_5_0.985993287528691,5.0,0.985993287528691,5,3,76.13028301257147,112.57091177218872,6
out_debug_unity_adh5_D_35_3_6_5_5_5_0.985993287528691,5.0,0.985993287528691,5,7,58.25279918402803,69.31082762935193,6
out_debug_unity_adh5_D_35_3_6_5_5_5_0.985993287528691,5.0,0.985993287528691,5,8,88.13920705675282,90.00222407674971,6
out_debug_unity_adh5_D_35_3_6_5_5_5_0.985993287528691,5.0,0.985993287528691,5,9,100.81515794455872,67.47974784275316,6
out_debug_unity_adh5_D_35_3_6_5_5_5_0.985993287528691,5.0,0.985993287528691,5,14,72.26265536579038,47.67406044038277,6
out_debug_unity_adh5_D_35_3_6_5_5_5_0.985993287528691,5.0,0.985993287528691,5,16,113.56038307402714,44.57475131373345,6
out_debug_unity_adh5_D_36_3_6_5_5_5_1.110881824959817,5.0,1.110881824959817,5,3,76.13880833325531,112.61315087440032,6
out_debug_unity_adh5_D_36_3_6_5_5_5_1.110881824959817,5.0,1.110881824959817,5,7,58.240306755997835,69.32301635818517,6
out_debug_unity_adh5_D_36_3_6_5_5_5_1.110881824959817,5.0,1.110881824959817,5,8,88.14296778682558,90.01438032600062,6
out_debug_unity_adh5_D_36_3_6_5_5_5_1.110881824959817,5.0,1.110881824959817,5,9,100.86871189187328,67.46762807227888,6
out_debug_unity_adh5_D_36_3_6_5_5_5_1.110881824959817,5.0,1.110881824959817,5,14,72.2197377216525,47.54783696329759,6
out_debug_unity_adh5_D_36_3_6_5_5_5_1.110881824959817,5.0,1.110881824959817,5,16,113.61196844128001,44.458459247947076,6
out_debug_unity_adh5_D_37_3_6_5_5_5_0.4465864796865203,5.0,0.4465864796865203,5,3,76.1186375787938,112.476226017992,6
out_debug_unity_adh5_D_37_3_6_5_5_5_0.4465864796865203,5.0,0.4465864796865203,5,7,58.35866932687019,69.22992182803915,6
out_debug_unity_adh5_D_37_3_6_5_5_5_0.4465864796865203,5.0,0.4465864796865203,5,8,87.90206122446097,89.80034510009881,6
out_debug_unity_adh5_D_37_3_6_5_5_5_0.4465864796865203,5.0,0.4465864796865203,5,9,100.42940711718099,67.62187921791651,6
out_debug_unity_adh5_D_37_3_6_5_5_5_0.4465864796865203,5.0,0.4465864796865203,5,14,72.43515449342347,48.514421622228475,6
out_debug_unity_adh5_D_37_3_6_5_5_5_0.4465864796865203,5.0,0.4465864796865203,5,16,113.04267619631956,45.129511261825144,6
out_debug_unity_adh5_D_38_3_6_5_5_5_1.106100942538518,5.0,1.106100942538518,5,3,76.1384440802146,112.61149221727932,6
out_debug_unity_adh5_D_38_3_6_5_5_5_1.106100942538518,5.0,1.106100942538518,5,7,58.24050505144249,69.3226240978796,6
out_debug_unity_adh5_D_38_3_6_5_5_5_1.106100942538518,5.0,1.106100942538518,5,8,88.14309073755352,90.01429812772749,6
out_debug_unity_adh5_D_38_3_6_5_5_5_1.106100942538518,5.0,1.106100942538518,5,9,100.86702477448115,67.46790189524857,6
out_debug_unity_adh5_D_38_3_6_5_5_5_1.106100942538518,5.0,1.106100942538518,5,14,72.2212067157236,47.552168069983416,6
out_debug_unity_adh5_D_38_3_6_5_5_5_1.106100942538518,5.0,1.106100942538518,5,16,113.61075516409888,44.46269592944768,6
out_debug_unity_adh5_D_39_3_6_5_5_5_1.163775420827241,5.0,1.163775420827241,5,3,76.14466783214857,112.63038430094842,6
out_debug_unity_adh5_D_39_3_6_5_5_5_1.163775420827241,5.0,1.163775420827241,5,7,58.23844026901421,69.32883084862682,6
out_debug_unity_adh5_D_39_3_6_5_5_5_1.163775420827241,5.0,1.163775420827241,5,8,88.14049920392581,90.01294863813096,6
out_debug_unity_adh5_D_39_3_6_5_5_5_1.163775420827241,5.0,1.163775420827241,5,9,100.88398536112668,67.46665487147713,6
out_debug_unity_adh5_D_39_3_6_5_5_5_1.163775420827241,5.0,1.163775420827241,5,14,72.20612325542307,47.502631826249264,6
out_debug_unity_adh5_D_39_3_6_5_5_5_1.163775420827241,5.0,1.163775420827241,5,16,113.62035616339574,44.414045722829314,6
out_debug_unity_adh5_D_3_3_6_5_5_5_1.4119797824064197,5.0,1.4119797824064197,5,3,76.16933025592944,112.73606472506947,6
out_debug_unity_adh5_D_3_3_6_5_5_5_1.4119797824064197,5.0,1.4119797824064197,5,7,58.226845408947206,69.3595073973783,6
out_debug_unity_adh5_D_3_3_6_5_5_5_1.4119797824064197,5.0,1.4119797824064197,5,8,88.13953192846951,89.99788732593704,6
out_debug_unity_adh5_D_3_3_6_5_5_5_1.4119797824064197,5.0,1.4119797824064197,5,9,100.95964211939379,67.45835948742746,6
out_debug_unity_adh5_D_3_3_6_5_5_5_1.4119797824064197,5.0,1.4119797824064197,5,14,72.14515357550628,47.290805656496865,6
out_debug_unity_adh5_D_3_3_6_5_5_5_1.4119797824064197,5.0,1.4119797824064197,5,16,113.66946167143891,44.19657654793006,6
out_debug_unity_adh5_D_40_3_6_5_5_5_1.0183154002210189,5.0,1.0183154002210189,5,3,76.13259140469653,112.58044830387456,6
out_debug_unity_adh5_D_40_3_6_5_5_5_1.0183154002210189,5.0,1.0183154002210189,5,7,58.24987819344665,69.31356011932824,6
out_debug_unity_adh5_D_40_3_6_5_5_5_1.0183154002210189,5.0,1.0183154002210189,5,8,88.14172126148134,90.00595062678242,6
out_debug_unity_adh5_D_40_3_6_5_5_5_1.0183154002210189,5.0,1.0183154002210189,5,9,100.82937452678173,67.47604544580288,6
out_debug_unity_adh5_D_40_3_6_5_5_5_1.0183154002210189,5.0,1.0183154002210189,5,14,72.25100200903768,47.640792269343024,6
out_debug_unity_adh5_D_40_3_6_5_5_5_1.0183154002210189,5.0,1.0183154002210189,5,16,113.57392405536581,44.54430200997462,6
out_debug_unity_adh5_D_41_3_6_5_5_5_0.7608084654294047,5.0,0.7608084654294047,5,3,76.12000116451146,112.5138079441839,6
out_debug_unity_adh5_D_41_3_6_5_5_5_0.7608084654294047,5.0,0.7608084654294047,5,7,58.285329808325734,69.28753534190895,6
out_debug_unity_adh5_D_41_3_6_5_5_5_0.7608084654294047,5.0,0.7608084654294047,5,8,88.09486053653133,89.95565945357588,6
out_debug_unity_adh5_D_41_3_6_5_5_5_0.7608084654294047,5.0,0.7608084654294047,5,9,100.69400502400408,67.52046096570787,6
out_debug_unity_adh5_D_41_3_6_5_5_5_0.7608084654294047,5.0,0.7608084654294047,5,14,72.35405384809162,47.94444453623439,6
out_debug_unity_adh5_D_41_3_6_5_5_5_0.7608084654294047,5.0,0.7608084654294047,5,16,113.42207659428185,44.794358194666046,6
out_debug_unity_adh5_D_42_3_6_5_5_5_1.3431670775973343,5.0,1.3431670775973343,5,3,76.16176933755354,112.70753759207604,6
out_debug_unity_adh5_D_42_3_6_5_5_5_1.3431670775973343,5.0,1.3431670775973343,5,7,58.226018294879225,69.35179400781219,6
out_debug_unity_adh5_D_42_3_6_5_5_5_1.3431670775973343,5.0,1.3431670775973343,5,8,88.13895366886662,90.00761007702543,6
out_debug_unity_adh5_D_42_3_6_5_5_5_1.3431670775973343,5.0,1.3431670775973343,5,9,100.94234105057171,67.45920988123255,6
out_debug_unity_adh5_D_42_3_6_5_5_5_1.3431670775973343,5.0,1.3431670775973343,5,14,72.15884377358901,47.34396195288786,6
out_debug_unity_adh5_D_42_3_6_5_5_5_1.3431670775973343,5.0,1.3431670775973343,5,16,113.66552143584904,44.25247056712241,6
out_debug_unity_adh5_D_43_3_6_5_5_5_1.2406416016786277,5.0,1.2406416016786277,5,3,76.15268059667743,112.66042319437467,6
out_debug_unity_adh5_D_43_3_6_5_5_5_1.2406416016786277,5.0,1.2406416016786277,5,7,58.233389140525496,69.33886484511008,6
out_debug_unity_adh5_D_43_3_6_5_5_5_1.2406416016786277,5.0,1.2406416016786277,5,8,88.13773615000088,90.01086773930241,6
out_debug_unity_adh5_D_43_3_6_5_5_5_1.2406416016786277,5.0,1.2406416016786277,5,9,100.90785688459323,67.46394659837819,6
out_debug_unity_adh5_D_43_3_6_5_5_5_1.2406416016786277,5.0,1.2406416016786277,5,14,72.18589635473056,47.43552879239001,6
out_debug_unity_adh5_D_43_3_6_5_5_5_1.2406416016786277,5.0,1.2406416016786277,5,16,113.63755434367306,44.34665532512751,6
out_debug_unity_adh5_D_44_3_6_5_5_5_0.9491715999683648,5.0,0.9491715999683648,5,3,76.12729109911568,112.56204267054551,6
out_debug_unity_adh5_D_44_3_6_5_5_5_0.9491715999683648,5.0,0.9491715999683648,5,7,58.25499251263318,69.30759446695039,6
out_debug_unity_adh5_D_44_3_6_5_5_5_0.9491715999683648,5.0,0.9491715999683648,5,8,88.13672120889866,89.99951659077176,6
out_debug_unity_adh5_D_44_3_6_5_5_5_0.9491715999683648,5.0,0.9491715999683648,5,9,100.80027116176988,67.48362690856182,6
out_debug_unity_adh5_D_44_3_6_5_5_5_0.9491715999683648,5.0,0.9491715999683648,5,14,72.27545185925943,47.71045167254218,6
out_debug_unity_adh5_D_44_3_6_5_5_5_0.9491715999683648,5.0,0.9491715999683648,5,16,113.54807849669788,44.60597525170484,6
out_debug_unity_adh5_D_45_3_6_5_5_5_1.2832257009605688,5.0,1.2832257009605688,5,3,76.1558522342264,112.68040692121154,6
out_debug_unity_adh5_D_45_3_6_5_5_5_1.2832257009605688,5.0,1.2832257009605688,5,7,58.22947971550068,69.34426164546642,6
out_debug_unity_adh5_D_45_3_6_5_5_5_1.2832257009605688,5.0,1.2832257009605688,5,8,88.13804237263018,90.01122973219367,6
out_debug_unity_adh5_D_45_3_6_5_5_5_1.2832257009605688,5.0,1.2832257009605688,5,9,100.92383019924254,67.4613246374878,6
out_debug_unity_adh5_D_45_3_6_5_5_5_1.2832257009605688,5.0,1.2832257009605688,5,14,72.1736792906435,47.395722299907526,6
out_debug_unity_adh5_D_45_3_6_5_5_5_1.2832257009605688,5.0,1.2832257009605688,5,16,113.65190994614672,44.30621730735199,6
out_debug_unity_adh5_D_46_3_6_5_5_5_0.684977337408167,5.0,0.684977337408167,5,3,76.11847147714239,112.4971977328341,6
out_debug_unity_adh5_D_46_3_6_5_5_5_0.684977337408167,5.0,0.684977337408167,5,7,58.301670756775046,69.2776251754885,6
out_debug_unity_adh5_D_46_3_6_5_5_5_0.684977337408167,5.0,0.684977337408167,5,8,88.0682468121595,89.92939038271241,6
out_debug_unity_adh5_D_46_3_6_5_5_5_0.684977337408167,5.0,0.684977337408167,5,9,100.64237688270809,67.54012427704787,6
out_debug_unity_adh5_D_46_3_6_5_5_5_0.684977337408167,5.0,0.684977337408167,5,14,72.38698167244367,48.0575942253895,6
out_debug_unity_adh5_D_46_3_6_5_5_5_0.684977337408167,5.0,0.684977337408167,5,16,113.35247490035187,44.873595535150855,6
out_debug_unity_adh5_D_47_3_6_5_5_5_1.295909193001669,5.0,1.295909193001669,5,3,76.15691937567605,112.68632847273602,6
out_debug_unity_adh5_D_47_3_6_5_5_5_1.295909193001669,5.0,1.295909193001669,5,7,58.22857639247218,69.34587204309116,6
out_debug_unity_adh5_D_47_3_6_5_5_5_1.295909193001669,5.0,1.295909193001669,5,8,88.13794451025457,90.01095701108784,6
out_debug_unity_adh5_D_47_3_6_5_5_5_1.295909193001669,5.0,1.295909193001669,5,9,100.92814140422793,67.46077177258552,6
out_debug_unity_adh5_D_47_3_6_5_5_5_1.295909193001669,5.0,1.295909193001669,5,14,72.17032483923727,47.38436055722766,6
out_debug_unity_adh5_D_47_3_6_5_5_5_1.295909193001669,5.0,1.295909193001669,5,16,113.65545944806011,44.29466074812522,6
out_debug_unity_adh5_D_48_3_6_5_5_5_0.5989698262131917,5.0,0.5989698262131917,5,3,76.11766526941102,112.4814666006576,6
out_debug_unity_adh5_D_48_3_6_5_5_5_0.5989698262131917,5.0,0.5989698262131917,5,7,58.32324420474762,69.26331775393128,6
out_debug_unity_adh5_D_48_3_6_5_5_5_0.5989698262131917,5.0,0.5989698262131917,5,8,88.02709953939923,89.89106771453554,6
out_debug_unity_adh5_D_48_3_6_5_5_5_0.5989698262131917,5.0,0.5989698262131917,5,9,100.57440752622618,67.56622360449362,6
out_debug_unity_adh5_D_48_3_6_5_5_5_0.5989698262131917,5.0,0.5989698262131917,5,14,72.42040344149359,48.20504111648362,6
out_debug_unity_adh5_D_48_3_6_5_5_5_0.5989698262131917,5.0,0.5989698262131917,5,16,113.25448248323602,44.96709320447346,6
out_debug_unity_adh5_D_49_3_6_5_5_5_0.9202565924845427,5.0,0.9202565924845427,5,3,76.1255528779116,112.55478776775031,6
out_debug_unity_adh5_D_49_3_6_5_5_5_0.9202565924845427,5.0,0.9202565924845427,5,7,58.25808542056692,69.30480494579068,6
out_debug_unity_adh5_D_49_3_6_5_5_5_0.9202565924845427,5.0,0.9202565924845427,5,8,88.13287877223958,89.99557320048086,6
out_debug_unity_adh5_D_49_3_6_5_5_5_0.9202565924845427,5.0,0.9202565924845427,5,9,100.78719082528424,67.48757803374112,6
out_debug_unity_adh5_D_49_3_6_5_5_5_0.9202565924845427,5.0,0.9202565924845427,5,14,72.28616958130293,47.74120132861743,6
out_debug_unity_adh5_D_49_3_6_5_5_5_0.9202565924845427,5.0,0.9202565924845427,5,16,113.53494621533515,44.63279648376453,6
out_debug_unity_adh5_D_4_3_6_5_5_5_0.9769888161839331,5.0,0.9769888161839331,5,3,76.12939264489204,112.56882128499382,6
out_debug_unity_adh5_D_4_3_6_5_5_5_0.9769888161839331,5.0,0.9769888161839331,5,7,58.25316996411937,69.31005461012776,6
out_debug_unity_adh5_D_4_3_6_5_5_5_0.9769888161839331,5.0,0.9769888161839331,5,8,88.13871136810506,90.00182340949299,6
out_debug_unity_adh5_D_4_3_6_5_5_5_0.9769888161839331,5.0,0.9769888161839331,5,9,100.81167453378366,67.48061875999856,6
out_debug_unity_adh5_D_4_3_6_5_5_5_0.9769888161839331,5.0,0.9769888161839331,5,14,72.26570460072982,47.682825319436546,6
out_debug_unity_adh5_D_4_3_6_5_5_5_0.9769888161839331,5.0,0.9769888161839331,5,16,113.55796832924382,44.58229162071006,6
out_debug_unity_adh5_D_50_3_6_5_5_5_0.7113428206348664,5.0,0.7113428206348664,5,3,76.11863044345104,112.5027137012247,6
out_debug_unity_adh5_D_50_3_6_5_5_5_0.7113428206348664,5.0,0.7113428206348664,5,7,58.29561846257576,69.28133331383651,6
out_debug_unity_adh5_D_50_3_6_5_5_5_0.7113428206348664,5.0,0.7113428206348664,5,8,88.0784772830098,89.93928922961373,6
out_debug_unity_adh5_D_50_3_6_5_5_5_0.7113428206348664,5.0,0.7113428206348664,5,9,100.66116718516948,67.5328957771835,6
out_debug_unity_adh5_D_50_3_6_5_5_5_0.7113428206348664,5.0,0.7113428206348664,5,14,72.37572948706536,48.01668830923496,6
out_debug_unity_adh5_D_50_3_6_5_5_5_0.7113428206348664,5.0,0.7113428206348664,5,16,113.37858645831635,44.84570423527669,6
out_debug_unity_adh5_D_51_3_6_5_5_5_1.237707529298568,5.0,1.237707529298568,5,3,76.15243488851429,112.6590017295532,6
out_debug_unity_adh5_D_51_3_6_5_5_5_1.237707529298568,5.0,1.237707529298568,5,7,58.23373670874907,69.33842751073144,6
out_debug_unity_adh5_D_51_3_6_5_5_5_1.237707529298568,5.0,1.237707529298568,5,8,88.13773521122441,90.01072587394266,6
out_debug_unity_adh5_D_51_3_6_5_5_5_1.237707529298568,5.0,1.237707529298568,5,9,100.90667399778987,67.46417620595601,6
out_debug_unity_adh5_D_51_3_6_5_5_5_1.237707529298568,5.0,1.237707529298568,5,14,72.18675463081247,47.438322548177204,6
out_debug_unity_adh5_D_51_3_6_5_5_5_1.237707529298568,5.0,1.237707529298568,5,16,113.63644555422634,44.34954687747831,6
out_debug_unity_adh5_D_52_3_6_5_5_5_0.4073163035297721,5.0,0.4073163035297721,5,3,76.12087753969712,112.48072983622463,6
out_debug_unity_adh5_D_52_3_6_5_5_5_0.4073163035297721,5.0,0.4073163035297721,5,7,58.36087800889634,69.22179262202711,6
out_debug_unity_adh5_D_52_3_6_5_5_5_0.4073163035297721,5.0,0.4073163035297721,5,8,87.85548160687524,89.77558642721135,6
out_debug_unity_adh5_D_52_3_6_5_5_5_0.4073163035297721,5.0,0.4073163035297721,5,9,100.38755396422094,67.63849490049184,6
out_debug_unity_adh5_D_52_3_6_5_5_5_0.4073163035297721,5.0,0.4073163035297721,5,14,72.42716204057727,48.59664835348269,6
out_debug_unity_adh5_D_52_3_6_5_5_5_0.4073163035297721,5.0,0.4073163035297721,5,16,112.98709555176231,45.16790980956196,6
out_debug_unity_adh5_D_53_3_6_5_5_5_1.084285199945564,5.0,1.084285199945564,5,3,76.13654991449987,112.60359527598384,6
out_debug_unity_adh5_D_53_3_6_5_5_5_1.084285199945564,5.0,1.084285199945564,5,7,58.242207860426326,69.32033712002274,6
out_debug_unity_adh5_D_53_3_6_5_5_5_1.084285199945564,5.0,1.084285199945564,5,8,88.1433244166155,90.01322797851577,6
out_debug_unity_adh5_D_53_3_6_5_5_5_1.084285199945564,5.0,1.084285199945564,5,9,100.8587872987855,67.46927208263837,6
out_debug_unity_adh5_D_53_3_6_5_5_5_1.084285199945564,5.0,1.084285199945564,5,14,72.22806535039742,47.572572896465374,6
out_debug_unity_adh5_D_53_3_6_5_5_5_1.084285199945564,5.0,1.084285199945564,5,16,113.60341042131024,44.48190384824037,6
out_debug_unity_adh5_D_54_3_6_5_5_5_0.2827382593151664,5.0,0.2827382593151664,5,3,76.12687048925356,112.49825486931046,6
out_debug_unity_adh5_D_54_3_6_5_5_5_0.2827382593151664,5.0,0.2827382593151664,5,7,58.32518884570549,69.21086700421343,6
out_debug_unity_adh5_D_54_3_6_5_5_5_0.2827382593151664,5.0,0.2827382593151664,5,8,87.68581474622725,89.70996735935383,6
out_debug_unity_adh5_D_54_3_6_5_5_5_0.2827382593151664,5.0,0.2827382593151664,5,9,100.24237040277251,67.70375375121539,6
out_debug_unity_adh5_D_54_3_6_5_5_5_0.2827382593151664,5.0,0.2827382593151664,5,14,72.39694438198906,48.84496292963727,6
out_debug_unity_adh5_D_54_3_6_5_5_5_0.2827382593151664,5.0,0.2827382593151664,5,16,112.81506622915929,45.285143829186865,6
out_debug_unity_adh5_D_55_3_6_5_5_5_0.42427420891454914,5.0,0.42427420891454914,5,3,76.11962716702858,112.47880864635202,6
out_debug_unity_adh5_D_55_3_6_5_5_5_0.42427420891454914,5.0,0.42427420891454914,5,7,58.360538324922466,69.2250674611617,6
out_debug_unity_adh5_D_55_3_6_5_5_5_0.42427420891454914,5.0,0.42427420891454914,5,8,87.87620345016784,89.78589636203547,6
out_debug_unity_adh5_D_55_3_6_5_5_5_0.42427420891454914,5.0,0.42427420891454914,5,9,100.40589321182262,67.63111940293457,6
out_debug_unity_adh5_D_55_3_6_5_5_5_0.42427420891454914,5.0,0.42427420891454914,5,14,72.43177322716353,48.56118828956581,6
out_debug_unity_adh5_D_55_3_6_5_5_5_0.42427420891454914,5.0,0.42427420891454914,5,16,113.01022178550151,45.15170231494199,6
out_debug_unity_adh5_D_56_3_6_5_5_5_0.23647398730996474,5.0,0.23647398730996474,5,3,76.12942317674646,112.49924905058064,6
out_debug_unity_adh5_D_56_3_6_5_5_5_0.23647398730996474,5.0,0.23647398730996474,5,7,58.292682253554005,69.22293677658035,6
out_debug_unity_adh5_D_56_3_6_5_5_5_0.23647398730996474,5.0,0.23647398730996474,5,8,87.6300437763261,89.69454183143769,6
out_debug_unity_adh5_D_56_3_6_5_5_5_0.23647398730996474,5.0,0.23647398730996474,5,9,100.18845049244909,67.73337980970177,6
out_debug_unity_adh5_D_56_3_6_5_5_5_0.23647398730996474,5.0,0.23647398730996474,5,14,72.40107495887234,48.92609104615817,6
out_debug_unity_adh5_D_56_3_6_5_5_5_0.23647398730996474,5.0,0.23647398730996474,5,16,112.756218661236,45.32193604442736,6
out_debug_unity_adh5_D_57_3_6_5_5_5_0.6553500535877138,5.0,0.6553500535877138,5,3,76.11801798324363,112.49119279261362,6
out_debug_unity_adh5_D_57_3_6_5_5_5_0.6553500535877138,5.0,0.6553500535877138,5,7,58.308762680096606,69.27317044893987,6
out_debug_unity_adh5_D_57_3_6_5_5_5_0.6553500535877138,5.0,0.6553500535877138,5,8,88.05573119366488,89.91720668591165,6
out_debug_unity_adh5_D_57_3_6_5_5_5_0.6553500535877138,5.0,0.6553500535877138,5,9,100.61998708920605,67.54862739865523,6
out_debug_unity_adh5_D_57_3_6_5_5_5_0.6553500535877138,5.0,0.6553500535877138,5,14,72.39943363233523,48.10612591784095,6
out_debug_unity_adh5_D_57_3_6_5_5_5_0.6553500535877138,5.0,0.6553500535877138,5,16,113.32098455747335,44.90599609447799,6
out_debug_unity_adh5_D_58_3_6_5_5_5_1.06303015889928,5.0,1.06303015889928,5,3,76.13501755774277,112.59646372887975,6
out_debug_unity_adh5_D_58_3_6_5_5_5_1.06303015889928,5.0,1.06303015889928,5,7,58.244111906741665,69.31829724260062,6
out_debug_unity_adh5_D_58_3_6_5_5_5_1.06303015889928,5.0,1.06303015889928,5,8,88.1435127702876,90.01162132873299,6
out_debug_unity_adh5_D_58_3_6_5_5_5_1.06303015889928,5.0,1.06303015889928,5,9,100.84988479917148,67.47120409065151,6
out_debug_unity_adh5_D_58_3_6_5_5_5_1.06303015889928,5.0,1.06303015889928,5,14,72.23503255446134,47.59365041771833,6
out_debug_unity_adh5_D_58_3_6_5_5_5_1.06303015889928,5.0,1.06303015889928,5,16,113.59528089258693,44.5012383612044,6
out_debug_unity_adh5_D_59_3_6_5_5_5_0.556142820485277,5.0,0.556142820485277,5,3,76.11766522324136,112.47636924228419,6
out_debug_unity_adh5_D_59_3_6_5_5_5_0.556142820485277,5.0,0.556142820485277,5,7,58.33487774860802,69.25509763460906,6
out_debug_unity_adh5_D_59_3_6_5_5_5_0.556142820485277,5.0,0.556142820485277,5,8,88.00013149884283,89.86765539558787,6
out_debug_unity_adh5_D_59_3_6_5_5_5_0.556142820485277,5.0,0.556142820485277,5,9,100.53621780967194,67.58051815557862,6
out_debug_unity_adh5_D_59_3_6_5_5_5_0.556142820485277,5.0,0.556142820485277,5,14,72.43193959016168,48.28780304934788,6
out_debug_unity_adh5_D_59_3_6_5_5_5_0.556142820485277,5.0,0.556142820485277,5,16,113.19745044241552,45.01400193814155,6
out_debug_unity_adh5_D_5_3_6_5_5_5_0.8025400775017721,5.0,0.8025400775017721,5,3,76.12121227121376,112.522946619972,6
out_debug_unity_adh5_D_5_3_6_5_5_5_0.8025400775017721,5.0,0.8025400775017721,5,7,58.27782227534922,69.29200453589691,6
out_debug_unity_adh5_D_5_3_6_5_5_5_0.8025400775017721,5.0,0.8025400775017721,5,8,88.10676093141139,89.96708371372239,6
out_debug_unity_adh5_D_5_3_6_5_5_5_0.8025400775017721,5.0,0.8025400775017721,5,9,100.71896724619789,67.51129412228836,6
out_debug_unity_adh5_D_5_3_6_5_5_5_0.8025400775017721,5.0,0.8025400775017721,5,14,72.33622390426541,47.88919630707044,6
out_debug_unity_adh5_D_5_3_6_5_5_5_0.8025400775017721,5.0,0.8025400775017721,5,16,113.4532926408496,44.7526542585494,6
out_debug_unity_adh5_D_6_3_6_5_5_5_0.3694624337518133,5.0,0.3694624337518133,5,3,76.1238871888456,112.48643709815872,6
out_debug_unity_adh5_D_6_3_6_5_5_5_0.3694624337518133,5.0,0.3694624337518133,5,7,58.356845631469646,69.21459662507952,6
out_debug_unity_adh5_D_6_3_6_5_5_5_0.3694624337518133,5.0,0.3694624337518133,5,8,87.80083994901189,89.75062852020454,6
out_debug_unity_adh5_D_6_3_6_5_5_5_0.3694624337518133,5.0,0.3694624337518133,5,9,100.34353432129922,67.65751921628326,6
out_debug_unity_adh5_D_6_3_6_5_5_5_0.3694624337518133,5.0,0.3694624337518133,5,14,72.41572442289456,48.676666055619705,6
out_debug_unity_adh5_D_6_3_6_5_5_5_0.3694624337518133,5.0,0.3694624337518133,5,16,112.9329937424651,45.20455672694144,6
out_debug_unity_adh5_D_7_3_6_5_5_5_1.456227186396982,5.0,1.456227186396982,5,3,76.17552214520877,112.75178760506168,6
out_debug_unity_adh5_D_7_3_6_5_5_5_1.456227186396982,5.0,1.456227186396982,5,7,58.231268889826445,69.3635007277356,6
out_debug_unity_adh5_D_7_3_6_5_5_5_1.456227186396982,5.0,1.456227186396982,5,8,88.14027052753659,89.9875264282273,6
out_debug_unity_adh5_D_7_3_6_5_5_5_1.456227186396982,5.0,1.456227186396982,5,9,100.96689234391918,67.45842282484216,6
out_debug_unity_adh5_D_7_3_6_5_5_5_1.456227186396982,5.0,1.456227186396982,5,14,72.13882474527249,47.26045979639824,6
out_debug_unity_adh5_D_7_3_6_5_5_5_1.456227186396982,5.0,1.456227186396982,5,16,113.66471773075325,44.162688819275594,6
out_debug_unity_adh5_D_8_3_6_5_5_5_0.7672117779686058,5.0,0.7672117779686058,5,3,76.1199922730679,112.51526133394741,6
out_debug_unity_adh5_D_8_3_6_5_5_5_0.7672117779686058,5.0,0.7672117779686058,5,7,58.28412039510811,69.28819874548196,6
out_debug_unity_adh5_D_8_3_6_5_5_5_0.7672117779686058,5.0,0.7672117779686058,5,8,88.09669007488658,89.95751583301472,6
out_debug_unity_adh5_D_8_3_6_5_5_5_0.7672117779686058,5.0,0.7672117779686058,5,9,100.69794326853842,67.51901705201503,6
out_debug_unity_adh5_D_8_3_6_5_5_5_0.7672117779686058,5.0,0.7672117779686058,5,14,72.3512525887076,47.935710329782154,6
out_debug_unity_adh5_D_8_3_6_5_5_5_0.7672117779686058,5.0,0.7672117779686058,5,16,113.42728583882433,44.78791041893606,6
out_debug_unity_adh5_D_9_3_6_5_5_5_0.5071167595960393,5.0,0.5071167595960393,5,3,76.11777541949907,112.47360422661397,6
out_debug_unity_adh5_D_9_3_6_5_5_5_0.5071167595960393,5.0,0.5071167595960393,5,7,58.34750599890517,69.24428086034062,6
out_debug_unity_adh5_D_9_3_6_5_5_5_0.5071167595960393,5.0,0.5071167595960393,5,8,87.96162409718433,89.83856143631148,6
out_debug_unity_adh5_D_9_3_6_5_5_5_0.5071167595960393,5.0,0.5071167595960393,5,9,100.49013108990043,67.59807303467653,6
out_debug_unity_adh5_D_9_3_6_5_5_5_0.5071167595960393,5.0,0.5071167595960393,5,14,72.43902326676069,48.38722864932396,6
out_debug_unity_adh5_D_9_3_6_5_5_5_0.5071167595960393,5.0,0.5071167595960393,5,16,113.12888294102733,45.06710381463295,6
