run,rep,dif,adh,pr,x,y,n_bundles
out_debug_unity_adh5_D_0_3_6_5_5_5_0.8411106215679058,5.0,0.8411106215679058,5,1,-0.21630358028590008,0.35459962233761666,18
out_debug_unity_adh5_D_0_3_6_5_5_5_0.8411106215679058,5.0,0.8411106215679058,5,2,0.1942194206733164,0.33990136595749965,18
out_debug_unity_adh5_D_0_3_6_5_5_5_0.8411106215679058,5.0,0.8411106215679058,5,3,0.3168147414170315,0.05048995967125501,18
out_debug_unity_adh5_D_0_3_6_5_5_5_0.8411106215679058,5.0,0.8411106215679058,5,4,0.2895735634456141,-0.1479862686224287,18
out_debug_unity_adh5_D_0_3_6_5_5_5_0.8411106215679058,5.0,0.8411106215679058,5,5,-0.08314126845624475,-0.2991533858657735,18
out_debug_unity_adh5_D_0_3_6_5_5_5_0.8411106215679058,5.0,0.8411106215679058,5,6,-0.5011628767938172,-0.297851293478169,18
out_debug_unity_adh5_D_10_3_6_5_5_5_1.032392751536074,5.0,1.032392751536074,5,1,-0.21630388696821418,0.35459922962690293,18
out_debug_unity_adh5_D_10_3_6_5_5_5_1.032392751536074,5.0,1.032392751536074,5,2,0.19421937709827522,0.33990071293945096,18
out_debug_unity_adh5_D_10_3_6_5_5_5_1.032392751536074,5.0,1.032392751536074,5,3,0.31681437739234686,0.050491261871341,18
out_debug_unity_adh5_D_10_3_6_5_5_5_1.032392751536074,5.0,1.032392751536074,5,4,0.2895740423310828,-0.14798425263319226,18
out_debug_unity_adh5_D_10_3_6_5_5_5_1.032392751536074,5.0,1.032392751536074,5,5,-0.0831414797531258,-0.29915490813417117,18
out_debug_unity_adh5_D_10_3_6_5_5_5_1.032392751536074,5.0,1.032392751536074,5,6,-0.5011624301003649,-0.29785204367033175,18
out_debug_unity_adh5_D_11_3_6_5_5_5_0.47538483954324245,5.0,0.47538483954324245,5,1,-0.21630321701045854,0.3545987495511512,18
out_debug_unity_adh5_D_11_3_6_5_5_5_0.47538483954324245,5.0,0.47538483954324245,5,2,0.19421807363721438,0.33990458044485183,18
out_debug_unity_adh5_D_11_3_6_5_5_5_0.47538483954324245,5.0,0.47538483954324245,5,3,0.3168159895643999,0.05048815064536949,18
out_debug_unity_adh5_D_11_3_6_5_5_5_0.47538483954324245,5.0,0.47538483954324245,5,4,0.28957145746888807,-0.14798873425835127,18
out_debug_unity_adh5_D_11_3_6_5_5_5_0.47538483954324245,5.0,0.47538483954324245,5,5,-0.08313905014585327,-0.299152065223747,18
out_debug_unity_adh5_D_11_3_6_5_5_5_0.47538483954324245,5.0,0.47538483954324245,5,6,-0.5011632535141908,-0.29785068115927477,18
out_debug_unity_adh5_D_12_3_6_5_5_5_1.469370680508597,5.0,1.469370680508597,5,1,-0.21630597273673274,0.35460015547985047,18
out_debug_unity_adh5_D_12_3_6_5_5_5_1.469370680508597,5.0,1.469370680508597,5,2,0.1942202234097625,0.33990046861615514,18
out_debug_unity_adh5_D_12_3_6_5_5_5_1.469370680508597,5.0,1.469370680508597,5,3,0.31681458898581266,0.050490581887996454,18
out_debug_unity_adh5_D_12_3_6_5_5_5_1.469370680508597,5.0,1.469370680508597,5,4,0.2895750171815775,-0.1479813174174151,18
out_debug_unity_adh5_D_12_3_6_5_5_5_1.469370680508597,5.0,1.469370680508597,5,5,-0.08314253318428978,-0.2991558651912287,18
out_debug_unity_adh5_D_12_3_6_5_5_5_1.469370680508597,5.0,1.469370680508597,5,6,-0.5011613236561305,-0.2978540233753579,18
out_debug_unity_adh5_D_13_3_6_5_5_5_0.5309700739485943,5.0,0.5309700739485943,5,1,-0.21630334819158872,0.35459880863930276,18
out_debug_unity_adh5_D_13_3_6_5_5_5_0.5309700739485943,5.0,0.5309700739485943,5,2,0.1942183335453943,0.3399043062093254,18
out_debug_unity_adh5_D_13_3_6_5_5_5_0.5309700739485943,5.0,0.5309700739485943,5,3,0.3168154819011315,0.05048869696302452,18
out_debug_unity_adh5_D_13_3_6_5_5_5_0.5309700739485943,5.0,0.5309700739485943,5,4,0.2895716890063896,-0.14798787957208862,18
out_debug_unity_adh5_D_13_3_6_5_5_5_0.5309700739485943,5.0,0.5309700739485943,5,5,-0.08313924817040375,-0.29915267941311613,18
out_debug_unity_adh5_D_13_3_6_5_5_5_0.5309700739485943,5.0,0.5309700739485943,5,6,-0.5011629080909235,-0.2978512528264481,18
out_debug_unity_adh5_D_14_3_6_5_5_5_1.3106322130526427,5.0,1.3106322130526427,5,1,-0.21630560177473573,0.3545996467991784,18
out_debug_unity_adh5_D_14_3_6_5_5_5_1.3106322130526427,5.0,1.3106322130526427,5,2,0.19421991395164878,0.3399006797365141,18
out_debug_unity_adh5_D_14_3_6_5_5_5_1.3106322130526427,5.0,1.3106322130526427,5,3,0.3168146454475714,0.05049055546532263,18
out_debug_unity_adh5_D_14_3_6_5_5_5_1.3106322130526427,5.0,1.3106322130526427,5,4,0.2895749885299116,-0.14798196493182453,18
out_debug_unity_adh5_D_14_3_6_5_5_5_1.3106322130526427,5.0,1.3106322130526427,5,5,-0.08314240169073478,-0.29915520943799734,18
out_debug_unity_adh5_D_14_3_6_5_5_5_1.3106322130526427,5.0,1.3106322130526427,5,6,-0.5011615444636616,-0.29785370763119307,18
out_debug_unity_adh5_D_15_3_6_5_5_5_1.1943795344279908,5.0,1.1943795344279908,5,1,-0.21630440006772836,0.3545996391037355,18
out_debug_unity_adh5_D_15_3_6_5_5_5_1.1943795344279908,5.0,1.1943795344279908,5,2,0.19421943518311796,0.33990087409689995,18
out_debug_unity_adh5_D_15_3_6_5_5_5_1.1943795344279908,5.0,1.1943795344279908,5,3,0.3168144784169098,0.050491089492515746,18
out_debug_unity_adh5_D_15_3_6_5_5_5_1.1943795344279908,5.0,1.1943795344279908,5,4,0.2895740220818945,-0.14798292351784406,18
out_debug_unity_adh5_D_15_3_6_5_5_5_1.1943795344279908,5.0,1.1943795344279908,5,5,-0.08314179479488024,-0.29915571248567263,18
out_debug_unity_adh5_D_15_3_6_5_5_5_1.1943795344279908,5.0,1.1943795344279908,5,6,-0.5011617408193133,-0.29785296668963485,18
out_debug_unity_adh5_D_16_3_6_5_5_5_0.21899544273840021,5.0,0.21899544273840021,5,1,-0.21630425330825312,0.35459613646462507,18
out_debug_unity_adh5_D_16_3_6_5_5_5_0.21899544273840021,5.0,0.21899544273840021,5,2,0.1942175167161466,0.3399094613605876,18
out_debug_unity_adh5_D_16_3_6_5_5_5_0.21899544273840021,5.0,0.21899544273840021,5,3,0.3168176872979834,0.05048468916114582,18
out_debug_unity_adh5_D_16_3_6_5_5_5_0.21899544273840021,5.0,0.21899544273840021,5,4,0.2895698037071852,-0.14798826127209264,18
out_debug_unity_adh5_D_16_3_6_5_5_5_0.21899544273840021,5.0,0.21899544273840021,5,5,-0.08313700529915583,-0.2991519773383456,18
out_debug_unity_adh5_D_16_3_6_5_5_5_0.21899544273840021,5.0,0.21899544273840021,5,6,-0.5011637491139065,-0.29785004837591933,18
out_debug_unity_adh5_D_17_3_6_5_5_5_0.24817904243134165,5.0,0.24817904243134165,5,1,-0.2163040434148496,0.3545967391170572,18
out_debug_unity_adh5_D_17_3_6_5_5_5_0.24817904243134165,5.0,0.24817904243134165,5,2,0.19421771858646575,0.33990862694819907,18
out_debug_unity_adh5_D_17_3_6_5_5_5_0.24817904243134165,5.0,0.24817904243134165,5,3,0.3168175195642637,0.050484924883354494,18
out_debug_unity_adh5_D_17_3_6_5_5_5_0.24817904243134165,5.0,0.24817904243134165,5,4,0.28957000633701674,-0.14798844581132337,18
out_debug_unity_adh5_D_17_3_6_5_5_5_0.24817904243134165,5.0,0.24817904243134165,5,5,-0.08313745231864443,-0.2991518673675315,18
out_debug_unity_adh5_D_17_3_6_5_5_5_0.24817904243134165,5.0,0.24817904243134165,5,6,-0.5011637487542517,-0.29784997776975586,18
out_debug_unity_adh5_D_18_3_6_5_5_5_1.1374855373063457,5.0,1.1374855373063457,5,1,-0.21630417994576714,0.3545998765323274,18
out_debug_unity_adh5_D_18_3_6_5_5_5_1.1374855373063457,5.0,1.1374855373063457,5,2,0.19422010264327283,0.33990045893860765,18
out_debug_unity_adh5_D_18_3_6_5_5_5_1.1374855373063457,5.0,1.1374855373063457,5,3,0.31681429692980595,0.05049047321026186,18
out_debug_unity_adh5_D_18_3_6_5_5_5_1.1374855373063457,5.0,1.1374855373063457,5,4,0.28957444168248725,-0.14798386783926024,18
out_debug_unity_adh5_D_18_3_6_5_5_5_1.1374855373063457,5.0,1.1374855373063457,5,5,-0.08314225189576083,-0.299154781038207,18
out_debug_unity_adh5_D_18_3_6_5_5_5_1.1374855373063457,5.0,1.1374855373063457,5,6,-0.5011624094140383,-0.297852159803729,18
out_debug_unity_adh5_D_19_3_6_5_5_5_0.3327033321612797,5.0,0.3327033321612797,5,1,-0.21630374063791752,0.3545973340085314,18
out_debug_unity_adh5_D_19_3_6_5_5_5_0.3327033321612797,5.0,0.3327033321612797,5,2,0.19421756833142087,0.3399070867388277,18
out_debug_unity_adh5_D_19_3_6_5_5_5_0.3327033321612797,5.0,0.3327033321612797,5,3,0.31681668214711206,0.05048686064796408,18
out_debug_unity_adh5_D_19_3_6_5_5_5_0.3327033321612797,5.0,0.3327033321612797,5,4,0.2895703805369093,-0.14798864236781373,18
out_debug_unity_adh5_D_19_3_6_5_5_5_0.3327033321612797,5.0,0.3327033321612797,5,5,-0.08313767012759062,-0.29915200778189915,18
out_debug_unity_adh5_D_19_3_6_5_5_5_0.3327033321612797,5.0,0.3327033321612797,5,6,-0.5011632202499335,-0.2978506312456102,18
out_debug_unity_adh5_D_1_3_6_5_5_5_1.3555484762962557,5.0,1.3555484762962557,5,1,-0.21630481628446382,0.3545997333085099,18
out_debug_unity_adh5_D_1_3_6_5_5_5_1.3555484762962557,5.0,1.3555484762962557,5,2,0.19421986764510268,0.3399003992247455,18
out_debug_unity_adh5_D_1_3_6_5_5_5_1.3555484762962557,5.0,1.3555484762962557,5,3,0.31681428716105403,0.05049097165127717,18
out_debug_unity_adh5_D_1_3_6_5_5_5_1.3555484762962557,5.0,1.3555484762962557,5,4,0.28957480260023044,-0.14798143759607152,18
out_debug_unity_adh5_D_1_3_6_5_5_5_1.3555484762962557,5.0,1.3555484762962557,5,5,-0.08314236829822018,-0.2991562669320011,18
out_debug_unity_adh5_D_1_3_6_5_5_5_1.3555484762962557,5.0,1.3555484762962557,5,6,-0.5011617728237037,-0.2978533996564596,18
out_debug_unity_adh5_D_20_3_6_5_5_5_1.4843450557691142,5.0,1.4843450557691142,5,1,-0.2163060350626428,0.3546000537249154,18
out_debug_unity_adh5_D_20_3_6_5_5_5_1.4843450557691142,5.0,1.4843450557691142,5,2,0.19422072041957733,0.3399003242184577,18
out_debug_unity_adh5_D_20_3_6_5_5_5_1.4843450557691142,5.0,1.4843450557691142,5,3,0.3168146428615082,0.05049050690003547,18
out_debug_unity_adh5_D_20_3_6_5_5_5_1.4843450557691142,5.0,1.4843450557691142,5,4,0.2895750256225352,-0.14798152644893514,18
out_debug_unity_adh5_D_20_3_6_5_5_5_1.4843450557691142,5.0,1.4843450557691142,5,5,-0.08314270014562236,-0.2991558228715655,18
out_debug_unity_adh5_D_20_3_6_5_5_5_1.4843450557691142,5.0,1.4843450557691142,5,6,-0.5011616536953561,-0.29785353552290766,18
out_debug_unity_adh5_D_21_3_6_5_5_5_1.4196793083861061,5.0,1.4196793083861061,5,1,-0.2163051120975853,0.35460035578383525,18
out_debug_unity_adh5_D_21_3_6_5_5_5_1.4196793083861061,5.0,1.4196793083861061,5,2,0.19422048826093524,0.33989994544977437,18
out_debug_unity_adh5_D_21_3_6_5_5_5_1.4196793083861061,5.0,1.4196793083861061,5,3,0.3168146509980965,0.05049042177459998,18
out_debug_unity_adh5_D_21_3_6_5_5_5_1.4196793083861061,5.0,1.4196793083861061,5,4,0.2895748969515321,-0.14798196899411753,18
out_debug_unity_adh5_D_21_3_6_5_5_5_1.4196793083861061,5.0,1.4196793083861061,5,5,-0.08314287997404803,-0.2991559094464823,18
out_debug_unity_adh5_D_21_3_6_5_5_5_1.4196793083861061,5.0,1.4196793083861061,5,6,-0.5011620441389302,-0.2978528445676098,18
out_debug_unity_adh5_D_22_3_6_5_5_5_0.3831805151729437,5.0,0.3831805151729437,5,1,-0.21630332948170172,0.3545981729959619,18
out_debug_unity_adh5_D_22_3_6_5_5_5_0.3831805151729437,5.0,0.3831805151729437,5,2,0.19421803023453899,0.339906073844423,18
out_debug_unity_adh5_D_22_3_6_5_5_5_0.3831805151729437,5.0,0.3831805151729437,5,3,0.3168165225956816,0.05048681293137302,18
out_debug_unity_adh5_D_22_3_6_5_5_5_0.3831805151729437,5.0,0.3831805151729437,5,4,0.28957066673324655,-0.14798874937471834,18
out_debug_unity_adh5_D_22_3_6_5_5_5_0.3831805151729437,5.0,0.3831805151729437,5,5,-0.08313843718656005,-0.2991520418362754,18
out_debug_unity_adh5_D_22_3_6_5_5_5_0.3831805151729437,5.0,0.3831805151729437,5,6,-0.5011634528952054,-0.29785026856076413,18
out_debug_unity_adh5_D_23_3_6_5_5_5_1.3781978882493757,5.0,1.3781978882493757,5,1,-0.21630459158051873,0.3545998135595876,18
out_debug_unity_adh5_D_23_3_6_5_5_5_1.3781978882493757,5.0,1.3781978882493757,5,2,0.1942201208957661,0.3398999952430935,18
out_debug_unity_adh5_D_23_3_6_5_5_5_1.3781978882493757,5.0,1.3781978882493757,5,3,0.3168146327013565,0.05049102610712868,18
out_debug_unity_adh5_D_23_3_6_5_5_5_1.3781978882493757,5.0,1.3781978882493757,5,4,0.2895749033903908,-0.14798207091605298,18
out_debug_unity_adh5_D_23_3_6_5_5_5_1.3781978882493757,5.0,1.3781978882493757,5,5,-0.0831427334103731,-0.29915614778277105,18
out_debug_unity_adh5_D_23_3_6_5_5_5_1.3781978882493757,5.0,1.3781978882493757,5,6,-0.5011623319966216,-0.29785261621098613,18
out_debug_unity_adh5_D_24_3_6_5_5_5_0.3197455095164391,5.0,0.3197455095164391,5,1,-0.2163035744893626,0.35459743677530114,18
out_debug_unity_adh5_D_24_3_6_5_5_5_0.3197455095164391,5.0,0.3197455095164391,5,2,0.19421751605179022,0.3399073790629205,18
out_debug_unity_adh5_D_24_3_6_5_5_5_0.3197455095164391,5.0,0.3197455095164391,5,3,0.3168168476954396,0.05048646985774743,18
out_debug_unity_adh5_D_24_3_6_5_5_5_0.3197455095164391,5.0,0.3197455095164391,5,4,0.2895702270734637,-0.14798841533882545,18
out_debug_unity_adh5_D_24_3_6_5_5_5_0.3197455095164391,5.0,0.3197455095164391,5,5,-0.08313777365669255,-0.2991522122885504,18
out_debug_unity_adh5_D_24_3_6_5_5_5_0.3197455095164391,5.0,0.3197455095164391,5,6,-0.5011632426746384,-0.2978506580685935,18
out_debug_unity_adh5_D_25_3_6_5_5_5_1.203299489956901,5.0,1.203299489956901,5,1,-0.2163042890936538,0.3545996645029148,18
out_debug_unity_adh5_D_25_3_6_5_5_5_1.203299489956901,5.0,1.203299489956901,5,2,0.19421994574421783,0.3399005177480086,18
out_debug_unity_adh5_D_25_3_6_5_5_5_1.203299489956901,5.0,1.203299489956901,5,3,0.316814575973653,0.05049106392737383,18
out_debug_unity_adh5_D_25_3_6_5_5_5_1.203299489956901,5.0,1.203299489956901,5,4,0.2895740741606625,-0.14798275080929615,18
out_debug_unity_adh5_D_25_3_6_5_5_5_1.203299489956901,5.0,1.203299489956901,5,5,-0.08314211291449253,-0.2991554392801141,18
out_debug_unity_adh5_D_25_3_6_5_5_5_1.203299489956901,5.0,1.203299489956901,5,6,-0.5011621938703867,-0.2978530560888883,18
out_debug_unity_adh5_D_26_3_6_5_5_5_0.298843546487125,5.0,0.298843546487125,5,1,-0.21630381135223667,0.35459720559757113,18
out_debug_unity_adh5_D_26_3_6_5_5_5_0.298843546487125,5.0,0.298843546487125,5,2,0.19421765470951183,0.33990760943832593,18
out_debug_unity_adh5_D_26_3_6_5_5_5_0.298843546487125,5.0,0.298843546487125,5,3,0.31681711193009354,0.05048599560647657,18
out_debug_unity_adh5_D_26_3_6_5_5_5_0.298843546487125,5.0,0.298843546487125,5,4,0.289570219166819,-0.14798886669964106,18
out_debug_unity_adh5_D_26_3_6_5_5_5_0.298843546487125,5.0,0.298843546487125,5,5,-0.08313771660703144,-0.2991517794136438,18
out_debug_unity_adh5_D_26_3_6_5_5_5_0.298843546487125,5.0,0.298843546487125,5,6,-0.5011634578471562,-0.29785016452908886,18
out_debug_unity_adh5_D_27_3_6_5_5_5_0.8569633285019598,5.0,0.8569633285019598,5,1,-0.21630356766522021,0.3545995628609443,18
out_debug_unity_adh5_D_27_3_6_5_5_5_0.8569633285019598,5.0,0.8569633285019598,5,2,0.19421921680229848,0.339901637401027,18
out_debug_unity_adh5_D_27_3_6_5_5_5_0.8569633285019598,5.0,0.8569633285019598,5,3,0.3168146522539589,0.05049006135806273,18
out_debug_unity_adh5_D_27_3_6_5_5_5_0.8569633285019598,5.0,0.8569633285019598,5,4,0.2895732946747599,-0.14798574171579418,18
out_debug_unity_adh5_D_27_3_6_5_5_5_0.8569633285019598,5.0,0.8569633285019598,5,5,-0.08314102086472117,-0.2991537484121362,18
out_debug_unity_adh5_D_27_3_6_5_5_5_0.8569633285019598,5.0,0.8569633285019598,5,6,-0.5011625752010755,-0.29785177149210457,18
out_debug_unity_adh5_D_28_3_6_5_5_5_0.6448748824000496,5.0,0.6448748824000496,5,1,-0.21630325919628385,0.35459896990966766,18
out_debug_unity_adh5_D_28_3_6_5_5_5_0.6448748824000496,5.0,0.6448748824000496,5,2,0.19421853426111765,0.3399031684408835,18
out_debug_unity_adh5_D_28_3_6_5_5_5_0.6448748824000496,5.0,0.6448748824000496,5,3,0.31681498573064476,0.05048950084299939,18
out_debug_unity_adh5_D_28_3_6_5_5_5_0.6448748824000496,5.0,0.6448748824000496,5,4,0.28957252188105925,-0.14798725511606975,18
out_debug_unity_adh5_D_28_3_6_5_5_5_0.6448748824000496,5.0,0.6448748824000496,5,5,-0.08313994070824458,-0.29915309796800316,18
out_debug_unity_adh5_D_28_3_6_5_5_5_0.6448748824000496,5.0,0.6448748824000496,5,6,-0.5011628419682935,-0.2978512861094777,18
out_debug_unity_adh5_D_29_3_6_5_5_5_0.6174084576534971,5.0,0.6174084576534971,5,1,-0.21630330017378552,0.354598703953104,18
out_debug_unity_adh5_D_29_3_6_5_5_5_0.6174084576534971,5.0,0.6174084576534971,5,2,0.19421827894774985,0.3399034097381348,18
out_debug_unity_adh5_D_29_3_6_5_5_5_0.6174084576534971,5.0,0.6174084576534971,5,3,0.3168152430833281,0.05048951669723947,18
out_debug_unity_adh5_D_29_3_6_5_5_5_0.6174084576534971,5.0,0.6174084576534971,5,4,0.28957223605134047,-0.14798748209133705,18
out_debug_unity_adh5_D_29_3_6_5_5_5_0.6174084576534971,5.0,0.6174084576534971,5,5,-0.0831395215915422,-0.299153036001375,18
out_debug_unity_adh5_D_29_3_6_5_5_5_0.6174084576534971,5.0,0.6174084576534971,5,6,-0.5011629363170917,-0.2978511122957663,18
out_debug_unity_adh5_D_2_3_6_5_5_5_0.8927300116523647,5.0,0.8927300116523647,5,1,-0.21630373192820984,0.35459940269202245,18
out_debug_unity_adh5_D_2_3_6_5_5_5_0.8927300116523647,5.0,0.8927300116523647,5,2,0.19421909386499803,0.33990130999497165,18
out_debug_unity_adh5_D_2_3_6_5_5_5_0.8927300116523647,5.0,0.8927300116523647,5,3,0.3168149152124413,0.050490444676446665,18
out_debug_unity_adh5_D_2_3_6_5_5_5_0.8927300116523647,5.0,0.8927300116523647,5,4,0.28957367117416233,-0.14798525920041197,18
out_debug_unity_adh5_D_2_3_6_5_5_5_0.8927300116523647,5.0,0.8927300116523647,5,5,-0.08314124820622192,-0.29915402995757023,18
out_debug_unity_adh5_D_2_3_6_5_5_5_0.8927300116523647,5.0,0.8927300116523647,5,6,-0.5011627001171693,-0.29785186820545906,18
out_debug_unity_adh5_D_30_3_6_5_5_5_0.8962753995916808,5.0,0.8962753995916808,5,1,-0.21630394959791957,0.35459923041844077,18
out_debug_unity_adh5_D_30_3_6_5_5_5_0.8962753995916808,5.0,0.8962753995916808,5,2,0.1942189576373464,0.3399013882453432,18
out_debug_unity_adh5_D_30_3_6_5_5_5_0.8962753995916808,5.0,0.8962753995916808,5,3,0.3168148169649571,0.050490674797106005,18
out_debug_unity_adh5_D_30_3_6_5_5_5_0.8962753995916808,5.0,0.8962753995916808,5,4,0.28957370355696993,-0.147985174582023,18
out_debug_unity_adh5_D_30_3_6_5_5_5_0.8962753995916808,5.0,0.8962753995916808,5,5,-0.0831410450572518,-0.2991540475657122,18
out_debug_unity_adh5_D_30_3_6_5_5_5_0.8962753995916808,5.0,0.8962753995916808,5,6,-0.5011624835041011,-0.2978520713131541,18
out_debug_unity_adh5_D_31_3_6_5_5_5_0.8140214510347925,5.0,0.8140214510347925,5,1,-0.2163033150248404,0.35459957001240655,18
out_debug_unity_adh5_D_31_3_6_5_5_5_0.8140214510347925,5.0,0.8140214510347925,5,2,0.19421935889060754,0.3399018291528081,18
out_debug_unity_adh5_D_31_3_6_5_5_5_0.8140214510347925,5.0,0.8140214510347925,5,3,0.31681471923802307,0.05049003189991451,18
out_debug_unity_adh5_D_31_3_6_5_5_5_0.8140214510347925,5.0,0.8140214510347925,5,4,0.2895731695847052,-0.14798656999482315,18
out_debug_unity_adh5_D_31_3_6_5_5_5_0.8140214510347925,5.0,0.8140214510347925,5,5,-0.08314118384331992,-0.2991533308777364,18
out_debug_unity_adh5_D_31_3_6_5_5_5_0.8140214510347925,5.0,0.8140214510347925,5,6,-0.5011627488451749,-0.29785153019256966,18
out_debug_unity_adh5_D_32_3_6_5_5_5_0.5868584354979942,5.0,0.5868584354979942,5,1,-0.21630344295876855,0.3545990882535913,18
out_debug_unity_adh5_D_32_3_6_5_5_5_0.5868584354979942,5.0,0.5868584354979942,5,2,0.1942185528460483,0.3399037756044169,18
out_debug_unity_adh5_D_32_3_6_5_5_5_0.5868584354979942,5.0,0.5868584354979942,5,3,0.31681559448643104,0.050488738188117485,18
out_debug_unity_adh5_D_32_3_6_5_5_5_0.5868584354979942,5.0,0.5868584354979942,5,4,0.2895720102227274,-0.14798787953243203,18
out_debug_unity_adh5_D_32_3_6_5_5_5_0.5868584354979942,5.0,0.5868584354979942,5,5,-0.08313980195397794,-0.2991524390286344,18
out_debug_unity_adh5_D_32_3_6_5_5_5_0.5868584354979942,5.0,0.5868584354979942,5,6,-0.5011629126424593,-0.29785128348505885,18
out_debug_unity_adh5_D_33_3_6_5_5_5_0.49040414012168415,5.0,0.49040414012168415,5,1,-0.21630323197785392,0.35459851456381003,18
out_debug_unity_adh5_D_33_3_6_5_5_5_0.49040414012168415,5.0,0.49040414012168415,5,2,0.19421804225217487,0.3399047167315959,18
out_debug_unity_adh5_D_33_3_6_5_5_5_0.49040414012168415,5.0,0.49040414012168415,5,3,0.3168157293487025,0.050488577583107444,18
out_debug_unity_adh5_D_33_3_6_5_5_5_0.49040414012168415,5.0,0.49040414012168415,5,4,0.2895714222997887,-0.14798844463699526,18
out_debug_unity_adh5_D_33_3_6_5_5_5_0.49040414012168415,5.0,0.49040414012168415,5,5,-0.08313895154097074,-0.2991525493863423,18
out_debug_unity_adh5_D_33_3_6_5_5_5_0.49040414012168415,5.0,0.49040414012168415,5,6,-0.5011630103818414,-0.29785081485517595,18
out_debug_unity_adh5_D_34_3_6_5_5_5_0.7277855757414504,5.0,0.7277855757414504,5,1,-0.21630350307126922,0.35459898060663253,18
out_debug_unity_adh5_D_34_3_6_5_5_5_0.7277855757414504,5.0,0.7277855757414504,5,2,0.1942185854091063,0.3399025281939107,18
out_debug_unity_adh5_D_34_3_6_5_5_5_0.7277855757414504,5.0,0.7277855757414504,5,3,0.31681482672230615,0.05049026435377787,18
out_debug_unity_adh5_D_34_3_6_5_5_5_0.7277855757414504,5.0,0.7277855757414504,5,4,0.2895729404023027,-0.1479868336613996,18
out_debug_unity_adh5_D_34_3_6_5_5_5_0.7277855757414504,5.0,0.7277855757414504,5,5,-0.08314011751271444,-0.2991533041761734,18
out_debug_unity_adh5_D_34_3_6_5_5_5_0.7277855757414504,5.0,0.7277855757414504,5,6,-0.5011627319497324,-0.297851635316748,18
out_debug_unity_adh5_D_35_3_6_5_5_5_0.985993287528691,5.0,0.985993287528691,5,1,-0.2163040156278964,0.3545997674478937,18
out_debug_unity_adh5_D_35_3_6_5_5_5_0.985993287528691,5.0,0.985993287528691,5,2,0.1942198573818372,0.33990092196722205,18
out_debug_unity_adh5_D_35_3_6_5_5_5_0.985993287528691,5.0,0.985993287528691,5,3,0.3168144578823936,0.05049008999283869,18
out_debug_unity_adh5_D_35_3_6_5_5_5_0.985993287528691,5.0,0.985993287528691,5,4,0.2895739839495526,-0.1479845465602455,18
out_debug_unity_adh5_D_35_3_6_5_5_5_0.985993287528691,5.0,0.985993287528691,5,5,-0.08314188593157922,-0.29915408850812814,18
out_debug_unity_adh5_D_35_3_6_5_5_5_0.985993287528691,5.0,0.985993287528691,5,6,-0.5011623976543086,-0.2978521443395797,18
out_debug_unity_adh5_D_36_3_6_5_5_5_1.110881824959817,5.0,1.110881824959817,5,1,-0.2163039213224187,0.3546001558361301,18
out_debug_unity_adh5_D_36_3_6_5_5_5_1.110881824959817,5.0,1.110881824959817,5,2,0.19422039607510036,0.33990022964114525,18
out_debug_unity_adh5_D_36_3_6_5_5_5_1.110881824959817,5.0,1.110881824959817,5,3,0.3168142369645304,0.05049003228771329,18
out_debug_unity_adh5_D_36_3_6_5_5_5_1.110881824959817,5.0,1.110881824959817,5,4,0.2895743548079601,-0.14798410295765463,18
out_debug_unity_adh5_D_36_3_6_5_5_5_1.110881824959817,5.0,1.110881824959817,5,5,-0.08314250150662028,-0.2991545784262626,18
out_debug_unity_adh5_D_36_3_6_5_5_5_1.110881824959817,5.0,1.110881824959817,5,6,-0.5011625650185523,-0.2978517363810717,18
out_debug_unity_adh5_D_37_3_6_5_5_5_0.4465864796865203,5.0,0.4465864796865203,5,1,-0.21630356365416964,0.3545986098227933,18
out_debug_unity_adh5_D_37_3_6_5_5_5_0.4465864796865203,5.0,0.4465864796865203,5,2,0.1942179427468493,0.33990532539707563,18
out_debug_unity_adh5_D_37_3_6_5_5_5_0.4465864796865203,5.0,0.4465864796865203,5,3,0.3168160818980568,0.05048801889306806,18
out_debug_unity_adh5_D_37_3_6_5_5_5_0.4465864796865203,5.0,0.4465864796865203,5,4,0.289570994940642,-0.14798859556387656,18
out_debug_unity_adh5_D_37_3_6_5_5_5_0.4465864796865203,5.0,0.4465864796865203,5,5,-0.08313868922920888,-0.299152188074709,18
out_debug_unity_adh5_D_37_3_6_5_5_5_0.4465864796865203,5.0,0.4465864796865203,5,6,-0.5011627667021696,-0.29785117047435217,18
out_debug_unity_adh5_D_38_3_6_5_5_5_1.106100942538518,5.0,1.106100942538518,5,1,-0.21630417743273408,0.3545999828089354,18
out_debug_unity_adh5_D_38_3_6_5_5_5_1.106100942538518,5.0,1.106100942538518,5,2,0.19422004427449757,0.33990047997948375,18
out_debug_unity_adh5_D_38_3_6_5_5_5_1.106100942538518,5.0,1.106100942538518,5,3,0.316814487129189,0.050490253395843156,18
out_debug_unity_adh5_D_38_3_6_5_5_5_1.106100942538518,5.0,1.106100942538518,5,4,0.28957404417296334,-0.14798407440504902,18
out_debug_unity_adh5_D_38_3_6_5_5_5_1.106100942538518,5.0,1.106100942538518,5,5,-0.08314221993770023,-0.2991547793595366,18
out_debug_unity_adh5_D_38_3_6_5_5_5_1.106100942538518,5.0,1.106100942538518,5,6,-0.5011621782062158,-0.2978518624196771,18
out_debug_unity_adh5_D_39_3_6_5_5_5_1.163775420827241,5.0,1.163775420827241,5,1,-0.21630421039283262,0.35459982315423016,18
out_debug_unity_adh5_D_39_3_6_5_5_5_1.163775420827241,5.0,1.163775420827241,5,2,0.1942202274843825,0.33990036618605035,18
out_debug_unity_adh5_D_39_3_6_5_5_5_1.163775420827241,5.0,1.163775420827241,5,3,0.316814475216301,0.050490502023882375,18
out_debug_unity_adh5_D_39_3_6_5_5_5_1.163775420827241,5.0,1.163775420827241,5,4,0.28957412374014796,-0.1479836574814934,18
out_debug_unity_adh5_D_39_3_6_5_5_5_1.163775420827241,5.0,1.163775420827241,5,5,-0.08314211291805867,-0.2991550829460514,18
out_debug_unity_adh5_D_39_3_6_5_5_5_1.163775420827241,5.0,1.163775420827241,5,6,-0.5011625031299395,-0.2978519509366175,18
out_debug_unity_adh5_D_3_3_6_5_5_5_1.4119797824064197,5.0,1.4119797824064197,5,1,-0.21630502594401638,0.35460001301908145,18
out_debug_unity_adh5_D_3_3_6_5_5_5_1.4119797824064197,5.0,1.4119797824064197,5,2,0.19422055316706657,0.339899996586453,18
out_debug_unity_adh5_D_3_3_6_5_5_5_1.4119797824064197,5.0,1.4119797824064197,5,3,0.31681441275627914,0.05049031147366004,18
out_debug_unity_adh5_D_3_3_6_5_5_5_1.4119797824064197,5.0,1.4119797824064197,5,4,0.28957488148728394,-0.14798170681187564,18
out_debug_unity_adh5_D_3_3_6_5_5_5_1.4119797824064197,5.0,1.4119797824064197,5,5,-0.08314268108199653,-0.29915584229909115,18
out_debug_unity_adh5_D_3_3_6_5_5_5_1.4119797824064197,5.0,1.4119797824064197,5,6,-0.501162140384617,-0.2978527719682275,18
out_debug_unity_adh5_D_40_3_6_5_5_5_1.0183154002210189,5.0,1.0183154002210189,5,1,-0.21630395352660894,0.35459914650882995,18
out_debug_unity_adh5_D_40_3_6_5_5_5_1.0183154002210189,5.0,1.0183154002210189,5,2,0.19421927070743847,0.33990106332303927,18
out_debug_unity_adh5_D_40_3_6_5_5_5_1.0183154002210189,5.0,1.0183154002210189,5,3,0.31681446797281715,0.05049103102394984,18
out_debug_unity_adh5_D_40_3_6_5_5_5_1.0183154002210189,5.0,1.0183154002210189,5,4,0.2895738996706412,-0.14798431176548263,18
out_debug_unity_adh5_D_40_3_6_5_5_5_1.0183154002210189,5.0,1.0183154002210189,5,5,-0.08314136732152615,-0.2991548203438804,18
out_debug_unity_adh5_D_40_3_6_5_5_5_1.0183154002210189,5.0,1.0183154002210189,5,6,-0.5011623175027613,-0.2978521087464554,18
out_debug_unity_adh5_D_41_3_6_5_5_5_0.7608084654294047,5.0,0.7608084654294047,5,1,-0.21630387858293962,0.3545989187828587,18
out_debug_unity_adh5_D_41_3_6_5_5_5_0.7608084654294047,5.0,0.7608084654294047,5,2,0.19421854427310892,0.3399025964878708,18
out_debug_unity_adh5_D_41_3_6_5_5_5_0.7608084654294047,5.0,0.7608084654294047,5,3,0.3168149334305476,0.05049012832087199,18
out_debug_unity_adh5_D_41_3_6_5_5_5_0.7608084654294047,5.0,0.7608084654294047,5,4,0.2895731901812766,-0.14798613046000594,18
out_debug_unity_adh5_D_41_3_6_5_5_5_0.7608084654294047,5.0,0.7608084654294047,5,5,-0.08314043291610991,-0.29915347335165754,18
out_debug_unity_adh5_D_41_3_6_5_5_5_0.7608084654294047,5.0,0.7608084654294047,5,6,-0.5011623563858842,-0.297852039779938,18
out_debug_unity_adh5_D_42_3_6_5_5_5_1.3431670775973343,5.0,1.3431670775973343,5,1,-0.21630525593362354,0.3545996681373283,18
out_debug_unity_adh5_D_42_3_6_5_5_5_1.3431670775973343,5.0,1.3431670775973343,5,2,0.19422003750221634,0.33990037075064305,18
out_debug_unity_adh5_D_42_3_6_5_5_5_1.3431670775973343,5.0,1.3431670775973343,5,3,0.31681439470668693,0.05049075349616073,18
out_debug_unity_adh5_D_42_3_6_5_5_5_1.3431670775973343,5.0,1.3431670775973343,5,4,0.2895747993551783,-0.14798136340996823,18
out_debug_unity_adh5_D_42_3_6_5_5_5_1.3431670775973343,5.0,1.3431670775973343,5,5,-0.08314236375608695,-0.299155938873516,18
out_debug_unity_adh5_D_42_3_6_5_5_5_1.3431670775973343,5.0,1.3431670775973343,5,6,-0.5011616118743708,-0.2978534901006476,18
out_debug_unity_adh5_D_43_3_6_5_5_5_1.2406416016786277,5.0,1.2406416016786277,5,1,-0.2163044882614765,0.354599882448898,18
out_debug_unity_adh5_D_43_3_6_5_5_5_1.2406416016786277,5.0,1.2406416016786277,5,2,0.19422006631865557,0.3399001951722335,18
out_debug_unity_adh5_D_43_3_6_5_5_5_1.2406416016786277,5.0,1.2406416016786277,5,3,0.3168145177979811,0.050490850492339194,18
out_debug_unity_adh5_D_43_3_6_5_5_5_1.2406416016786277,5.0,1.2406416016786277,5,4,0.28957448858475165,-0.14798306353913523,18
out_debug_unity_adh5_D_43_3_6_5_5_5_1.2406416016786277,5.0,1.2406416016786277,5,5,-0.08314237652484958,-0.29915537459911723,18
out_debug_unity_adh5_D_43_3_6_5_5_5_1.2406416016786277,5.0,1.2406416016786277,5,6,-0.5011622079150629,-0.2978524899752183,18
out_debug_unity_adh5_D_44_3_6_5_5_5_0.9491715999683648,5.0,0.9491715999683648,5,1,-0.21630402083611025,0.3545997738972214,18
out_debug_unity_adh5_D_44_3_6_5_5_5_0.9491715999683648,5.0,0.9491715999683648,5,2,0.1942195543408844,0.33990090873995044,18
out_debug_unity_adh5_D_44_3_6_5_5_5_0.9491715999683648,5.0,0.9491715999683648,5,3,0.3168145401137321,0.05049022719850846,18
out_debug_unity_adh5_D_44_3_6_5_5_5_0.9491715999683648,5.0,0.9491715999683648,5,4,0.28957376212834074,-0.14798512917747944,18
out_debug_unity_adh5_D_44_3_6_5_5_5_0.9491715999683648,5.0,0.9491715999683648,5,5,-0.0831414257599976,-0.2991537407814378,18
out_debug_unity_adh5_D_44_3_6_5_5_5_0.9491715999683648,5.0,0.9491715999683648,5,6,-0.5011624099868498,-0.29785203987676273,18
out_debug_unity_adh5_D_45_3_6_5_5_5_1.2832257009605688,5.0,1.2832257009605688,5,1,-0.216304294101974,0.3546002923352455,18
out_debug_unity_adh5_D_45_3_6_5_5_5_1.2832257009605688,5.0,1.2832257009605688,5,2,0.194220852377256,0.33989993759023884,18
out_debug_unity_adh5_D_45_3_6_5_5_5_1.2832257009605688,5.0,1.2832257009605688,5,3,0.3168142202487057,0.0504900734677616,18
out_debug_unity_adh5_D_45_3_6_5_5_5_1.2832257009605688,5.0,1.2832257009605688,5,4,0.2895745341087958,-0.1479826171820195,18
out_debug_unity_adh5_D_45_3_6_5_5_5_1.2832257009605688,5.0,1.2832257009605688,5,5,-0.08314297694142882,-0.2991554285819266,18
out_debug_unity_adh5_D_45_3_6_5_5_5_1.2832257009605688,5.0,1.2832257009605688,5,6,-0.5011623356913549,-0.2978522576293001,18
out_debug_unity_adh5_D_46_3_6_5_5_5_0.684977337408167,5.0,0.684977337408167,5,1,-0.21630352482628423,0.35459933786545045,18
out_debug_unity_adh5_D_46_3_6_5_5_5_0.684977337408167,5.0,0.684977337408167,5,2,0.19421894726130945,0.33990282457589394,18
out_debug_unity_adh5_D_46_3_6_5_5_5_0.684977337408167,5.0,0.684977337408167,5,3,0.31681495459020004,0.050489327868187335,18
out_debug_unity_adh5_D_46_3_6_5_5_5_0.684977337408167,5.0,0.684977337408167,5,4,0.28957265223465595,-0.14798705597628986,18
out_debug_unity_adh5_D_46_3_6_5_5_5_0.684977337408167,5.0,0.684977337408167,5,5,-0.08314045204062458,-0.2991528749341157,18
out_debug_unity_adh5_D_46_3_6_5_5_5_0.684977337408167,5.0,0.684977337408167,5,6,-0.5011625772192568,-0.2978515593991269,18
out_debug_unity_adh5_D_47_3_6_5_5_5_1.295909193001669,5.0,1.295909193001669,5,1,-0.2163049444948456,0.35459994966269875,18
out_debug_unity_adh5_D_47_3_6_5_5_5_1.295909193001669,5.0,1.295909193001669,5,2,0.19422027311740142,0.33990050254628185,18
out_debug_unity_adh5_D_47_3_6_5_5_5_1.295909193001669,5.0,1.295909193001669,5,3,0.3168140555464748,0.05049039714886012,18
out_debug_unity_adh5_D_47_3_6_5_5_5_1.295909193001669,5.0,1.295909193001669,5,4,0.28957481424662285,-0.1479821726004193,18
out_debug_unity_adh5_D_47_3_6_5_5_5_1.295909193001669,5.0,1.295909193001669,5,5,-0.08314246047055489,-0.29915541457507694,18
out_debug_unity_adh5_D_47_3_6_5_5_5_1.295909193001669,5.0,1.295909193001669,5,6,-0.5011617379450989,-0.29785326218234415,18
out_debug_unity_adh5_D_48_3_6_5_5_5_0.5989698262131917,5.0,0.5989698262131917,5,1,-0.21630370584489217,0.35459876567402066,18
out_debug_unity_adh5_D_48_3_6_5_5_5_0.5989698262131917,5.0,0.5989698262131917,5,2,0.19421801928449353,0.33990391417540156,18
out_debug_unity_adh5_D_48_3_6_5_5_5_0.5989698262131917,5.0,0.5989698262131917,5,3,0.31681555007581275,0.050489453891621836,18
out_debug_unity_adh5_D_48_3_6_5_5_5_0.5989698262131917,5.0,0.5989698262131917,5,4,0.28957206082494363,-0.14798768715918295,18
out_debug_unity_adh5_D_48_3_6_5_5_5_0.5989698262131917,5.0,0.5989698262131917,5,5,-0.0831394334174112,-0.2991527122692197,18
out_debug_unity_adh5_D_48_3_6_5_5_5_0.5989698262131917,5.0,0.5989698262131917,5,6,-0.5011624909229471,-0.2978517343126414,18
out_debug_unity_adh5_D_49_3_6_5_5_5_0.9202565924845427,5.0,0.9202565924845427,5,1,-0.21630387647210136,0.35459925840612844,18
out_debug_unity_adh5_D_49_3_6_5_5_5_0.9202565924845427,5.0,0.9202565924845427,5,2,0.19421926945192916,0.33990103156059454,18
out_debug_unity_adh5_D_49_3_6_5_5_5_0.9202565924845427,5.0,0.9202565924845427,5,3,0.3168143132996836,0.0504909035184815,18
out_debug_unity_adh5_D_49_3_6_5_5_5_0.9202565924845427,5.0,0.9202565924845427,5,4,0.28957399940663986,-0.1479850431527053,18
out_debug_unity_adh5_D_49_3_6_5_5_5_0.9202565924845427,5.0,0.9202565924845427,5,5,-0.0831411726695786,-0.2991539881823927,18
out_debug_unity_adh5_D_49_3_6_5_5_5_0.9202565924845427,5.0,0.9202565924845427,5,6,-0.5011625330165727,-0.297852162150107,18
out_debug_unity_adh5_D_4_3_6_5_5_5_0.9769888161839331,5.0,0.9769888161839331,5,1,-0.21630428506451366,0.354599499165343,18
out_debug_unity_adh5_D_4_3_6_5_5_5_0.9769888161839331,5.0,0.9769888161839331,5,2,0.19421933830861227,0.3399013973385224,18
out_debug_unity_adh5_D_4_3_6_5_5_5_0.9769888161839331,5.0,0.9769888161839331,5,3,0.31681444922616153,0.050490363665711704,18
out_debug_unity_adh5_D_4_3_6_5_5_5_0.9769888161839331,5.0,0.9769888161839331,5,4,0.2895740211926792,-0.1479845779017089,18
out_debug_unity_adh5_D_4_3_6_5_5_5_0.9769888161839331,5.0,0.9769888161839331,5,5,-0.0831413720956189,-0.2991541172114943,18
out_debug_unity_adh5_D_4_3_6_5_5_5_0.9769888161839331,5.0,0.9769888161839331,5,6,-0.5011621515673198,-0.29785256505637414,18
out_debug_unity_adh5_D_50_3_6_5_5_5_0.7113428206348664,5.0,0.7113428206348664,5,1,-0.21630328650313127,0.3545993318247955,18
out_debug_unity_adh5_D_50_3_6_5_5_5_0.7113428206348664,5.0,0.7113428206348664,5,2,0.19421915892139668,0.339902380694415,18
out_debug_unity_adh5_D_50_3_6_5_5_5_0.7113428206348664,5.0,0.7113428206348664,5,3,0.3168150146268674,0.05048945673911443,18
out_debug_unity_adh5_D_50_3_6_5_5_5_0.7113428206348664,5.0,0.7113428206348664,5,4,0.28957271388836414,-0.1479871250834574,18
out_debug_unity_adh5_D_50_3_6_5_5_5_0.7113428206348664,5.0,0.7113428206348664,5,5,-0.08314048096683821,-0.2991529235734277,18
out_debug_unity_adh5_D_50_3_6_5_5_5_0.7113428206348664,5.0,0.7113428206348664,5,6,-0.5011631199666589,-0.29785112060144026,18
out_debug_unity_adh5_D_51_3_6_5_5_5_1.237707529298568,5.0,1.237707529298568,5,1,-0.21630460871446322,0.3545996375048764,18
out_debug_unity_adh5_D_51_3_6_5_5_5_1.237707529298568,5.0,1.237707529298568,5,2,0.19421993407145155,0.3399002905949961,18
out_debug_unity_adh5_D_51_3_6_5_5_5_1.237707529298568,5.0,1.237707529298568,5,3,0.31681442038856056,0.05049100195219556,18
out_debug_unity_adh5_D_51_3_6_5_5_5_1.237707529298568,5.0,1.237707529298568,5,4,0.2895745460335963,-0.14798271129655524,18
out_debug_unity_adh5_D_51_3_6_5_5_5_1.237707529298568,5.0,1.237707529298568,5,5,-0.0831422823077093,-0.29915546587623676,18
out_debug_unity_adh5_D_51_3_6_5_5_5_1.237707529298568,5.0,1.237707529298568,5,6,-0.5011620094714364,-0.29785275287927654,18
out_debug_unity_adh5_D_52_3_6_5_5_5_0.4073163035297721,5.0,0.4073163035297721,5,1,-0.2163032972814333,0.35459782128620077,18
out_debug_unity_adh5_D_52_3_6_5_5_5_0.4073163035297721,5.0,0.4073163035297721,5,2,0.1942175657576061,0.3399058442829938,18
out_debug_unity_adh5_D_52_3_6_5_5_5_0.4073163035297721,5.0,0.4073163035297721,5,3,0.31681623663228997,0.05048794705323552,18
out_debug_unity_adh5_D_52_3_6_5_5_5_0.4073163035297721,5.0,0.4073163035297721,5,4,0.28957092332738193,-0.14798823978529319,18
out_debug_unity_adh5_D_52_3_6_5_5_5_0.4073163035297721,5.0,0.4073163035297721,5,5,-0.08313823250230712,-0.29915235119437567,18
out_debug_unity_adh5_D_52_3_6_5_5_5_0.4073163035297721,5.0,0.4073163035297721,5,6,-0.5011631959335374,-0.2978510216427613,18
out_debug_unity_adh5_D_53_3_6_5_5_5_1.084285199945564,5.0,1.084285199945564,5,1,-0.2163038646856577,0.35459996127224375,18
out_debug_unity_adh5_D_53_3_6_5_5_5_1.084285199945564,5.0,1.084285199945564,5,2,0.19421977926104594,0.3399008646145574,18
out_debug_unity_adh5_D_53_3_6_5_5_5_1.084285199945564,5.0,1.084285199945564,5,3,0.316814545607817,0.05049015374302459,18
out_debug_unity_adh5_D_53_3_6_5_5_5_1.084285199945564,5.0,1.084285199945564,5,4,0.2895738716560731,-0.14798407943530523,18
out_debug_unity_adh5_D_53_3_6_5_5_5_1.084285199945564,5.0,1.084285199945564,5,5,-0.0831422364450149,-0.29915468269955314,18
out_debug_unity_adh5_D_53_3_6_5_5_5_1.084285199945564,5.0,1.084285199945564,5,6,-0.5011620953942635,-0.2978522174949678,18
out_debug_unity_adh5_D_54_3_6_5_5_5_0.2827382593151664,5.0,0.2827382593151664,5,1,-0.21630363768071395,0.3545973379945906,18
out_debug_unity_adh5_D_54_3_6_5_5_5_0.2827382593151664,5.0,0.2827382593151664,5,2,0.1942179264556026,0.3399077436975206,18
out_debug_unity_adh5_D_54_3_6_5_5_5_0.2827382593151664,5.0,0.2827382593151664,5,3,0.316817202415715,0.05048542523932883,18
out_debug_unity_adh5_D_54_3_6_5_5_5_0.2827382593151664,5.0,0.2827382593151664,5,4,0.28956999108540593,-0.14798860487356383,18
out_debug_unity_adh5_D_54_3_6_5_5_5_0.2827382593151664,5.0,0.2827382593151664,5,5,-0.08313772365974927,-0.29915194328430333,18
out_debug_unity_adh5_D_54_3_6_5_5_5_0.2827382593151664,5.0,0.2827382593151664,5,6,-0.5011637586162604,-0.29784995877357223,18
out_debug_unity_adh5_D_55_3_6_5_5_5_0.42427420891454914,5.0,0.42427420891454914,5,1,-0.21630352645047243,0.35459804614350565,18
out_debug_unity_adh5_D_55_3_6_5_5_5_0.42427420891454914,5.0,0.42427420891454914,5,2,0.19421792777872143,0.33990551962841686,18
out_debug_unity_adh5_D_55_3_6_5_5_5_0.42427420891454914,5.0,0.42427420891454914,5,3,0.3168162103032242,0.05048781576137641,18
out_debug_unity_adh5_D_55_3_6_5_5_5_0.42427420891454914,5.0,0.42427420891454914,5,4,0.28957106460716664,-0.14798854632269057,18
out_debug_unity_adh5_D_55_3_6_5_5_5_0.42427420891454914,5.0,0.42427420891454914,5,5,-0.08313840690555546,-0.29915201568297817,18
out_debug_unity_adh5_D_55_3_6_5_5_5_0.42427420891454914,5.0,0.42427420891454914,5,6,-0.5011632693330843,-0.2978508195276312,18
out_debug_unity_adh5_D_56_3_6_5_5_5_0.23647398730996474,5.0,0.23647398730996474,5,1,-0.21630425641426182,0.3545963859977727,18
out_debug_unity_adh5_D_56_3_6_5_5_5_0.23647398730996474,5.0,0.23647398730996474,5,2,0.19421751646198865,0.33990877986871026,18
out_debug_unity_adh5_D_56_3_6_5_5_5_0.23647398730996474,5.0,0.23647398730996474,5,3,0.31681758240865987,0.050485274645726275,18
out_debug_unity_adh5_D_56_3_6_5_5_5_0.23647398730996474,5.0,0.23647398730996474,5,4,0.2895699588063629,-0.14798838567318354,18
out_debug_unity_adh5_D_56_3_6_5_5_5_0.23647398730996474,5.0,0.23647398730996474,5,5,-0.08313703503077628,-0.29915206629521995,18
out_debug_unity_adh5_D_56_3_6_5_5_5_0.23647398730996474,5.0,0.23647398730996474,5,6,-0.5011637662319728,-0.2978499885438057,18
out_debug_unity_adh5_D_57_3_6_5_5_5_0.6553500535877138,5.0,0.6553500535877138,5,1,-0.21630357744590695,0.3545992166098686,18
out_debug_unity_adh5_D_57_3_6_5_5_5_0.6553500535877138,5.0,0.6553500535877138,5,2,0.1942188091456668,0.3399027142386051,18
out_debug_unity_adh5_D_57_3_6_5_5_5_0.6553500535877138,5.0,0.6553500535877138,5,3,0.31681514342757944,0.050489388710416354,18
out_debug_unity_adh5_D_57_3_6_5_5_5_0.6553500535877138,5.0,0.6553500535877138,5,4,0.28957254499853985,-0.14798753545900056,18
out_debug_unity_adh5_D_57_3_6_5_5_5_0.6553500535877138,5.0,0.6553500535877138,5,5,-0.08314002500657867,-0.2991526473936523,18
out_debug_unity_adh5_D_57_3_6_5_5_5_0.6553500535877138,5.0,0.6553500535877138,5,6,-0.5011628951193,-0.2978511367062369,18
out_debug_unity_adh5_D_58_3_6_5_5_5_1.06303015889928,5.0,1.06303015889928,5,1,-0.21630414961504885,0.3545994899479998,18
out_debug_unity_adh5_D_58_3_6_5_5_5_1.06303015889928,5.0,1.06303015889928,5,2,0.19421965312982303,0.3399009918783259,18
out_debug_unity_adh5_D_58_3_6_5_5_5_1.06303015889928,5.0,1.06303015889928,5,3,0.3168143124475536,0.05049068881543883,18
out_debug_unity_adh5_D_58_3_6_5_5_5_1.06303015889928,5.0,1.06303015889928,5,4,0.2895741010476098,-0.1479837063346088,18
out_debug_unity_adh5_D_58_3_6_5_5_5_1.06303015889928,5.0,1.06303015889928,5,5,-0.08314175904706372,-0.29915466153324277,18
out_debug_unity_adh5_D_58_3_6_5_5_5_1.06303015889928,5.0,1.06303015889928,5,6,-0.5011621579628739,-0.2978528027739133,18
out_debug_unity_adh5_D_59_3_6_5_5_5_0.556142820485277,5.0,0.556142820485277,5,1,-0.21630328745361768,0.3545989435524522,18
out_debug_unity_adh5_D_59_3_6_5_5_5_0.556142820485277,5.0,0.556142820485277,5,2,0.19421866883882674,0.3399036693755575,18
out_debug_unity_adh5_D_59_3_6_5_5_5_0.556142820485277,5.0,0.556142820485277,5,3,0.3168155799355431,0.05048875141953977,18
out_debug_unity_adh5_D_59_3_6_5_5_5_0.556142820485277,5.0,0.556142820485277,5,4,0.28957172006523035,-0.1479883724857056,18
out_debug_unity_adh5_D_59_3_6_5_5_5_0.556142820485277,5.0,0.556142820485277,5,5,-0.08313945148565242,-0.29915239692326523,18
out_debug_unity_adh5_D_59_3_6_5_5_5_0.556142820485277,5.0,0.556142820485277,5,6,-0.5011632299003304,-0.29785059493857957,18
out_debug_unity_adh5_D_5_3_6_5_5_5_0.8025400775017721,5.0,0.8025400775017721,5,1,-0.21630350039285431,0.35459973658307314,18
out_debug_unity_adh5_D_5_3_6_5_5_5_0.8025400775017721,5.0,0.8025400775017721,5,2,0.19421918241094166,0.33990178113840286,18
out_debug_unity_adh5_D_5_3_6_5_5_5_0.8025400775017721,5.0,0.8025400775017721,5,3,0.3168146061832011,0.05048991144556736,18
out_debug_unity_adh5_D_5_3_6_5_5_5_0.8025400775017721,5.0,0.8025400775017721,5,4,0.2895731127417919,-0.1479862549654486,18
out_debug_unity_adh5_D_5_3_6_5_5_5_0.8025400775017721,5.0,0.8025400775017721,5,5,-0.08314083768675712,-0.29915356840533186,18
out_debug_unity_adh5_D_5_3_6_5_5_5_0.8025400775017721,5.0,0.8025400775017721,5,6,-0.5011625632563234,-0.2978516057962631,18
out_debug_unity_adh5_D_6_3_6_5_5_5_0.3694624337518133,5.0,0.3694624337518133,5,1,-0.2163039424750216,0.3545978040790746,18
out_debug_unity_adh5_D_6_3_6_5_5_5_0.3694624337518133,5.0,0.3694624337518133,5,2,0.19421766418015224,0.3399067009679984,18
out_debug_unity_adh5_D_6_3_6_5_5_5_0.3694624337518133,5.0,0.3694624337518133,5,3,0.31681667293896354,0.050486878331951944,18
out_debug_unity_adh5_D_6_3_6_5_5_5_0.3694624337518133,5.0,0.3694624337518133,5,4,0.289570620730369,-0.1479885024068753,18
out_debug_unity_adh5_D_6_3_6_5_5_5_0.3694624337518133,5.0,0.3694624337518133,5,5,-0.08313807106552172,-0.2991518419068909,18
out_debug_unity_adh5_D_6_3_6_5_5_5_0.3694624337518133,5.0,0.3694624337518133,5,6,-0.5011629443089407,-0.2978510390652596,18
out_debug_unity_adh5_D_7_3_6_5_5_5_1.456227186396982,5.0,1.456227186396982,5,1,-0.21630561841483564,0.3546003693852421,18
out_debug_unity_adh5_D_7_3_6_5_5_5_1.456227186396982,5.0,1.456227186396982,5,2,0.19422052596493394,0.33990042804646875,18
out_debug_unity_adh5_D_7_3_6_5_5_5_1.456227186396982,5.0,1.456227186396982,5,3,0.3168145380821519,0.05049036996103966,18
out_debug_unity_adh5_D_7_3_6_5_5_5_1.456227186396982,5.0,1.456227186396982,5,4,0.2895748419289805,-0.14798156263472695,18
out_debug_unity_adh5_D_7_3_6_5_5_5_1.456227186396982,5.0,1.456227186396982,5,5,-0.08314298242810036,-0.2991560937062421,18
out_debug_unity_adh5_D_7_3_6_5_5_5_1.456227186396982,5.0,1.456227186396982,5,6,-0.5011613051331301,-0.29785351105178204,18
out_debug_unity_adh5_D_8_3_6_5_5_5_0.7672117779686058,5.0,0.7672117779686058,5,1,-0.21630404057756333,0.3545987160321744,18
out_debug_unity_adh5_D_8_3_6_5_5_5_0.7672117779686058,5.0,0.7672117779686058,5,2,0.194218344256801,0.3399027520378682,18
out_debug_unity_adh5_D_8_3_6_5_5_5_0.7672117779686058,5.0,0.7672117779686058,5,3,0.31681489920407097,0.0504903581438727,18
out_debug_unity_adh5_D_8_3_6_5_5_5_0.7672117779686058,5.0,0.7672117779686058,5,4,0.2895731899380196,-0.1479860590412826,18
out_debug_unity_adh5_D_8_3_6_5_5_5_0.7672117779686058,5.0,0.7672117779686058,5,5,-0.08314010449036568,-0.29915338094534694,18
out_debug_unity_adh5_D_8_3_6_5_5_5_0.7672117779686058,5.0,0.7672117779686058,5,6,-0.5011622883309629,-0.2978523862272857,18
out_debug_unity_adh5_D_9_3_6_5_5_5_0.5071167595960393,5.0,0.5071167595960393,5,1,-0.21630351034759984,0.354598257385971,18
out_debug_unity_adh5_D_9_3_6_5_5_5_0.5071167595960393,5.0,0.5071167595960393,5,2,0.1942176888404618,0.3399048337872836,18
out_debug_unity_adh5_D_9_3_6_5_5_5_0.5071167595960393,5.0,0.5071167595960393,5,3,0.3168158821152411,0.05048896105350594,18
out_debug_unity_adh5_D_9_3_6_5_5_5_0.5071167595960393,5.0,0.5071167595960393,5,4,0.2895715144013094,-0.14798820793016312,18
out_debug_unity_adh5_D_9_3_6_5_5_5_0.5071167595960393,5.0,0.5071167595960393,5,5,-0.08313874998216278,-0.2991524539584606,18
out_debug_unity_adh5_D_9_3_6_5_5_5_0.5071167595960393,5.0,0.5071167595960393,5,6,-0.5011628250272497,-0.29785139033813685,18
