rep,dif,adh,metric_d,metric_d_sd,metric_s,metric_s_sd,global_d,global_d_sd
5.0,0.34788387427341005,2,,,,,,
5.0,0.4598764451039554,2,0.19225935093059396,0.10896312050020768,0.8001722222222223,0.0652488042083323,0.06932088831631458,0.028928445270135782
5.0,0.7114179576149828,2,0.2099435148834411,0.11379759171455592,0.7960388888888887,0.066535948002138,0.07016979497484481,0.02947393136328131
5.0,1.468783782940271,2,0.23876914111795258,0.18005555986096605,0.777488888888889,0.11581671290299306,0.07076128447982989,0.0282850087244113
5.0,0.8713187472481569,2,0.1988341448729921,0.08456912506034464,0.8057444444444444,0.05393373735141444,0.0690780048337553,0.02950925463493302
5.0,0.9793897115294099,2,0.19087705931187396,0.0842624509707011,0.8130222222222222,0.04855754381894119,0.07067230868535186,0.02870266209142836
5.0,0.4993282785077783,2,0.1948040845429589,0.11295783437038022,0.8018277777777778,0.06503621047416207,0.06958054441922558,0.029039300915263477
5.0,0.7228355863905809,2,0.21041311879293065,0.11327759738494413,0.7964444444444444,0.0669153546755752,0.07025538958409669,0.029472511882573153
5.0,0.2133351221567175,2,0.1605617322103112,0.061634620461652,0.8163,0.0359682421650606,0.06844839896622652,0.029365345561203227
5.0,1.2327488796006318,2,0.23059007243665894,0.12279999330475197,0.7787611111111111,0.08872939597380647,0.07145293622973267,0.026126858541339868
5.0,1.0983151158893198,2,0.19652223926428627,0.0847509442630577,0.8073333333333333,0.05162223896302402,0.07053949516109229,0.028555481691775946
5.0,0.3000118616378909,2,,,,,,
5.0,0.6619694712050455,2,0.20394586512460233,0.1122486690890386,0.7982055555555556,0.06681262748431635,0.0699644891346973,0.029258843473217507
5.0,1.0489377524404822,2,0.19626328931380002,0.08376938437700648,0.8086666666666668,0.04994394635766958,0.07059261590347071,0.028520659415918803
5.0,0.9117921774240461,2,0.18735562518985702,0.08530863470322003,0.81585,0.048341979111786934,0.07052861191065747,0.028691045665023212
5.0,0.6017416685158032,2,0.19983735397819352,0.11274535531700403,0.8010999999999999,0.06502920711324857,0.06976624402742285,0.02930864690000482
5.0,1.1401525314318255,2,0.20779292414349357,0.09668310959391964,0.8000055555555555,0.06794908610473828,0.06861955277294325,0.03014747693029037
5.0,0.8322949212729216,2,0.21708991054296534,0.11680270725154972,0.7928833333333334,0.07710656586828388,0.07042041602960612,0.02962458565532516
5.0,0.7903603985018648,2,0.21469419256116795,0.11678517893305615,0.7933111111111111,0.07672952415167976,0.07032824481218225,0.029631444778930427
5.0,1.3994608713249426,2,0.26064030681748723,0.19974459813379827,0.759838888888889,0.13643271902658707,0.07228334603568333,0.025879634476673373
5.0,1.3423286393600111,2,0.26045266814040224,0.1956935796365349,0.7575166666666667,0.14030588112327216,0.07249836050780113,0.025813122656887184
5.0,0.5605307874105658,2,0.1976659884903651,0.11245154083829591,0.8014388888888888,0.06508544075878593,0.06970181816631683,0.02914692425213506
5.0,1.2787167325594502,2,,,,,,
5.0,1.0979674310871463,5,0.1756764126313729,0.08201562948066704,0.8190000000000001,0.049991121433932875,0.06969122311738925,0.029781776121630254
5.0,0.7111159503261204,5,0.24010129205243158,0.23306592587584865,0.7820444444444443,0.11100037648696023,0.06563788435494328,0.030830811037084765
5.0,0.4733062026879102,5,0.24624893049676594,0.19143014738217234,0.7716333333333334,0.10769831320251337,0.06829635037587553,0.03207033663481244
5.0,1.3614722981572018,5,0.2138251236541572,0.13668061230626913,0.7946111111111113,0.08162593466464285,0.07199147837221705,0.028635497483208056
5.0,1.028927872856156,5,0.17297777168912631,0.07961068758242217,0.8209055555555556,0.04941705140066333,0.06961955760615432,0.030008128275342914
5.0,1.0150918059000433,5,0.17319124030975622,0.0794057548856878,0.8203777777777778,0.050413639639768075,0.06954994936275902,0.029967334712646405
5.0,1.3038911122728243,5,0.21101038220349755,0.13491209265958304,0.7973055555555555,0.08108917226131174,0.07192065226546875,0.02872319395269449
5.0,1.1445458685969627,5,0.18222117053211764,0.08639608750852011,0.8186611111111111,0.050006101170967016,0.06995463724154626,0.03056794083098475
5.0,0.8187778161856345,5,0.19650180069231699,0.17096792288122117,0.7958277777777778,0.10065455117797459,0.06693500922281706,0.031169197167588817
5.0,0.554880996336546,5,0.19760225312122837,0.1251697024554608,0.7988833333333333,0.0696309417971318,0.06876118768606138,0.030449497679683822
5.0,1.3085787787674423,2,,,,,,
5.0,0.2843020460903516,5,0.22127306131476898,0.1372674714316847,0.7911,0.07213670663708209,0.06952500988730922,0.028620633261266563
5.0,1.4612081543175228,5,0.22411544598888536,0.13573253937471777,0.7797388888888889,0.10064928734576255,0.07128350447196256,0.027609489986859102
5.0,1.4030177157424324,5,0.2262126661867669,0.14803011706554972,0.78135,0.09983172647566059,0.07246968795635383,0.029267855536222673
5.0,1.2216448610240034,5,0.1867060823307324,0.09698450786092659,0.8108333333333335,0.06378390601606855,0.06997084640995456,0.02865925527750899
5.0,0.72154291574132,5,0.24105068412188121,0.2318898558122763,0.7812,0.11156775221063357,0.06567645131178641,0.030733751993100106
5.0,0.31984324243728507,5,0.19591239292447085,0.13090015416909082,0.7909888888888887,0.08340073866505347,0.0709146364603603,0.0294191841585943
5.0,0.38292078170120974,5,0.21741013227928788,0.166833796014593,0.7871,0.08772179508727197,0.07027293808392732,0.03049363183235355
5.0,1.2797699473704671,5,0.21282564420580266,0.146896177470501,0.7970444444444443,0.08631734229137801,0.07237647212370203,0.02929720207438609
5.0,0.33327482083153637,5,0.211552263451634,0.15946675072839353,0.770161111111111,0.14774275744192406,0.07214056553599611,0.03815389997106898
5.0,0.531595027807811,5,,,,,,
5.0,1.0100667011389797,2,,,,,,
5.0,0.9598094635515086,5,,,,,,
5.0,0.7890524186711807,5,0.1951045221286667,0.17056484085998835,0.7956055555555557,0.10103862557470134,0.06725741619589819,0.031046907569552556
5.0,1.1666286699123423,5,0.1831573328938446,0.08747980836131511,0.8187222222222222,0.050272706926605765,0.07003715988274099,0.03049635662512335
5.0,0.8900361196195181,5,0.198508999543738,0.17199529491857193,0.7980055555555556,0.10235077740692775,0.06716847254824324,0.03075844492749268
5.0,0.45228503220701216,5,0.1989732437553767,0.1284855707993088,0.8022888888888889,0.07103529552184988,0.0702003394664384,0.03202183214766899
5.0,0.9252936496979507,5,0.1710761503731974,0.07399005287434618,0.8185722222222221,0.043213472764811,0.06807830602549785,0.030053129470476933
5.0,0.6238269129244601,5,0.20384085228635948,0.12513677567948167,0.7939722222222223,0.06723177824639803,0.06828429581442347,0.030913862651988203
5.0,0.22225860622454421,5,0.19680668672099222,0.10405910036283528,0.7930666666666668,0.058700388035817584,0.07091971061131891,0.028622850881391698
5.0,0.6660931845528946,5,0.2405813999946614,0.2316030018457087,0.7756388888888889,0.13399096212841657,0.0651244536876522,0.030820969957069545
5.0,1.4328823100047219,5,0.22187563566055027,0.13519242556883987,0.7834055555555556,0.09939676650353382,0.07123440900005244,0.027893701901939762
5.0,0.2496517454382754,2,,,,,,
5.0,0.20354712819774143,8,0.21869663840727072,0.12648510576373637,0.7879944444444444,0.06166386905565997,0.07140154047690914,0.030346245057993985
5.0,1.1612780993265635,8,0.2325684463061378,0.1945330667746708,0.7685611111111111,0.12832204772407105,0.0678546303520064,0.03064811952293606
5.0,1.3345834156436533,8,0.2550395284032344,0.21943885606969368,0.7633222222222222,0.12926112913854976,0.07097132088950353,0.03294329787722083
5.0,0.7872253566556038,8,0.29897523533874065,0.20126766134848248,0.7492470588235294,0.09228737162763774,,
5.0,1.0537064418468682,8,0.25764217684091534,0.24452089762731014,0.7636722222222223,0.14394902958090391,0.06703154890058406,0.027407784149234556
5.0,1.44446578540578,8,0.22000743168351658,0.15952738256310994,0.7729444444444444,0.11651603238382749,0.06926040685639115,0.03058737955492386
5.0,0.7448407417097744,8,0.350221756074798,0.19010549710672153,0.7179277777777777,0.11104006186735565,0.07306582192367467,0.031554363173082065
5.0,0.8676519262180429,8,0.34020708535052896,0.23100398788655566,0.725561111111111,0.1345859417245224,0.07170405550151197,0.029301896572837667
5.0,0.5073080742865637,8,0.3990252253530815,0.12678531813693547,0.6898611111111111,0.070800801461949,0.07255499705785774,0.030519039026479507
5.0,0.9847557748162956,8,0.2765880572789474,0.20328648923474488,0.7682499999999999,0.1082438463737213,0.070289060383074,0.03037036350586862
5.0,0.5049371650226497,2,,,,,,
5.0,0.6828428670396918,8,0.33138834758028,0.16372967343254086,0.729038888888889,0.07830839417818139,0.07288367891348894,0.03065039679343523
5.0,0.908307685378652,8,0.3098432645480949,0.22129600430153348,0.7512166666666666,0.11653497448310435,0.0689696522714884,0.027102301314474424
5.0,0.3731529943172381,8,0.29872187307774406,0.16425161628477464,0.7559444444444444,0.09562234874885114,0.07313418073112872,0.030517802720320526
5.0,0.9700819509665153,8,0.23720154226604137,0.15067138284779874,0.7907666666666668,0.07218515544533147,0.07161871986417795,0.02996782090450684
5.0,0.46986597972739325,8,0.3646660538441553,0.16888705307922083,0.715438888888889,0.08842165483188989,0.07375264951587752,0.030174857911000854
5.0,1.2047239108819265,8,0.2271698022304343,0.2215187615527069,0.7745611111111111,0.1397912933979672,0.06791590138349335,0.031147042755612055
5.0,0.2755285664767476,8,0.30252505348487024,0.16413948666925435,0.7560277777777779,0.0817513221473482,0.07280843912575764,0.03229693676519023
5.0,0.4534654599209065,8,0.3570420566892112,0.17466612913583215,0.7179388888888889,0.09544806696656734,0.07331030943946167,0.030982389200220114
5.0,0.39166942925376885,8,0.34248772289253676,0.17284179747544573,0.7354333333333334,0.09720706993035251,0.07217936695664771,0.030507981964100504
5.0,0.6599393777979015,8,0.36395297171185725,0.19032299749701148,0.7112277777777778,0.10236300224395073,0.07378089736973896,0.029009591504030617
5.0,0.38696948466637493,2,,,,,,
5.0,0.8067641417847202,8,0.30379984930267717,0.21443884793750267,0.74395,0.10850178825971282,0.07124151178967861,0.03025931313262429
5.0,1.3891759867714875,8,0.22021086247574295,0.16129278128333643,0.7735111111111111,0.11608428398217531,0.06905738859023676,0.030164628931518646
5.0,0.31069319147907126,8,0.3186692472756403,0.16475279438897616,0.7422722222222222,0.0931387841733182,0.07266791742422328,0.03159434333309101
5.0,1.3058852778046426,8,0.2588560487039219,0.2335870602276563,0.7625055555555555,0.13149223666235635,0.06943128812583141,0.03157464748518483
5.0,1.1248870754123754,8,0.2101382882624474,0.18284283159459871,0.7909555555555555,0.10368982175605507,0.06710805743495457,0.030159959913272753
5.0,1.4846041270326695,8,0.22069587853866868,0.16477401993329718,0.7808611111111111,0.1061692209995643,0.07257045623233084,0.02894819270315923
5.0,0.624652590137925,8,0.36584875638732817,0.17016266521107887,0.708361111111111,0.09336595345966377,0.07411644188937992,0.03227176962514115
5.0,1.0991999648168922,8,0.19253876505691184,0.1306120838871986,0.7999722222222222,0.08308728880959106,0.07448388746933256,0.032381870357064524
5.0,0.5576664997287293,8,0.37386738979931255,0.15210877982090604,0.7086,0.08081825288881218,0.0728145731494184,0.030305473876231115
5.0,1.258122268101913,8,0.25833449508587103,0.23945489001281775,0.7564666666666667,0.1505669692270593,0.06919863579250553,0.03275860561774053
5.0,1.1913527540432216,2,,,,,,
5.0,1.4455401693424885,2,,,,,,
